{
  "type": "FeatureCollection",
  "features": [
    {
      "type": "Feature",
      "geometry": {
        "type": "Point",
        "coordinates": [
          -122.227942,
          37.4860773
        ]
      },
      "properties": {
        "id": "czi-community-space",
        "name": "CZI Community Space",
        "category": "community",
        "categoryColor": "#8B5CF6",
        "area": "San Mateo County",
        "city": "",
        "address": "801 Jefferson Avenue, Suite 100, Redwood City, CA 94063",
        "description": "The Chan Zuckerberg Community Space in downtown Redwood City provides free meeting and event space for nonprofits serving San Mateo County, plus Redwo...",
        "groups": [
          "nonprofits"
        ],
        "phone": "",
        "link": "https://chanzuckerberg.com/communityspace/",
        "linkText": "Apply for Access"
      }
    },
    {
      "type": "Feature",
      "geometry": {
        "type": "Point",
        "coordinates": [
          -122.38913,
          37.7893894
        ]
      },
      "properties": {
        "id": "google-community-space",
        "name": "Google Community Space",
        "category": "community",
        "categoryColor": "#8B5CF6",
        "area": "San Francisco",
        "city": "",
        "address": "2 Harrison Street, Suite 140, San Francisco, CA 94105",
        "description": "Google Community Space offers free event space in San Francisco to member Bay Area nonprofits and local city and county government departments. It is ...",
        "groups": [
          "nonprofits"
        ],
        "phone": "",
        "link": "https://communityspace.withgoogle.com/",
        "linkText": "Apply for Access"
      }
    },
    {
      "type": "Feature",
      "geometry": {
        "type": "Point",
        "coordinates": [
          -122.3969321,
          37.7897744
        ]
      },
      "properties": {
        "id": "ohana-floor-salesforce",
        "name": "Salesforce Ohana Floor",
        "category": "community",
        "categoryColor": "#8B5CF6",
        "area": "San Francisco",
        "city": "",
        "address": "Salesforce Tower, 415 Mission Street, San Francisco, CA 94105",
        "description": "Salesforce opens its 61st-floor 'Ohana Floor at Salesforce Tower, with 360-degree Bay Area views, to nonprofits and charitable organizations for fundr...",
        "groups": [
          "nonprofits"
        ],
        "phone": "",
        "link": "https://www.salesforce.com/company/ohana-floors-san-francisco/",
        "linkText": "Request for an Event"
      }
    },
    {
      "type": "Feature",
      "geometry": {
        "type": "Point",
        "coordinates": [
          -122.4645889,
          37.7987456
        ]
      },
      "properties": {
        "id": "tides-converge",
        "name": "Tides Converge",
        "category": "community",
        "categoryColor": "#8B5CF6",
        "area": "San Francisco",
        "city": "",
        "address": "1012 Torney Avenue, Presidio of San Francisco, CA 94129",
        "description": "Tides Converge is a shared nonprofit campus in the Presidio, home to about 75 nonprofits and social enterprises, offering meeting and event room renta...",
        "groups": [
          "nonprofits"
        ],
        "phone": "415-561-6300",
        "link": "https://www.tides.org/social-purpose-real-estate/social-purpose-real-estate-meeting-event-space/",
        "linkText": "Learn More"
      }
    },
    {
      "type": "Feature",
      "geometry": {
        "type": "Point",
        "coordinates": [
          -121.9979519,
          37.9672133
        ]
      },
      "properties": {
        "id": "bacn-boutique",
        "name": "Bay Area Crisis Nursery - BACN Boutique",
        "category": "community",
        "categoryColor": "#8B5CF6",
        "area": "Contra Costa County",
        "city": "",
        "address": "1506 Mendocino Drive, Concord, CA 94521",
        "description": "BACN Boutique provides free clothing, shoes, children's furniture, toys, and essential items for families. It is located in the Bay Area Crisis Nurser...",
        "groups": [
          "pregnant",
          "income-eligible",
          "families",
          "youth",
          "everyone"
        ],
        "phone": "925-685-8052",
        "link": "https://bayareacrisisnursery.org/programs/bacn-boutique/",
        "linkText": "Visit"
      }
    },
    {
      "type": "Feature",
      "geometry": {
        "type": "Point",
        "coordinates": [
          -121.9979519,
          37.9672133
        ]
      },
      "properties": {
        "id": "bacn-food-pantry-diaper",
        "name": "Bay Area Crisis Nursery - Food Pantry & Diaper Bank",
        "category": "community",
        "categoryColor": "#8B5CF6",
        "area": "Contra Costa County",
        "city": "",
        "address": "1506 Mendocino Drive, Concord, CA 94521",
        "description": "Bay Area Crisis Nursery operates a food pantry and diaper bank providing free non-perishable and fresh food and diapers to families with young childre...",
        "groups": [
          "income-eligible",
          "families",
          "youth"
        ],
        "phone": "925-685-8052",
        "link": "https://bayareacrisisnursery.org/programs/diaper-bank/",
        "linkText": "Learn More"
      }
    },
    {
      "type": "Feature",
      "geometry": {
        "type": "Point",
        "coordinates": [
          -122.4125596,
          37.781848
        ]
      },
      "properties": {
        "id": "st-anthonys-clothing",
        "name": "St. Anthony's Free Clothing Program",
        "category": "community",
        "categoryColor": "#8B5CF6",
        "area": "San Francisco",
        "city": "",
        "address": "121 Golden Gate Avenue, 2nd Floor, San Francisco, CA 94102",
        "description": "St. Anthony's runs San Francisco's largest free clothing program, offering new and gently used clothing in a boutique-style store. Anyone with a self-...",
        "groups": [
          "everyone"
        ],
        "phone": "415-241-2600",
        "link": "https://www.stanthonysf.org/services/clothing/shop-for-clothes/",
        "linkText": "Schedule Visit"
      }
    },
    {
      "type": "Feature",
      "geometry": {
        "type": "Point",
        "coordinates": [
          -122.1609011,
          37.4393335
        ]
      },
      "properties": {
        "id": "lifemoves-services",
        "name": "LifeMoves Opportunity Services Center",
        "category": "community",
        "categoryColor": "#8B5CF6",
        "area": "Santa Clara County",
        "city": "",
        "address": "33 Encina Avenue, Palo Alto, CA 94301",
        "description": "The LifeMoves Opportunity Services Center (OSC) is a low-barrier drop-in center in Palo Alto serving mainly single adults experiencing homelessness, w...",
        "groups": [
          "unhoused",
          "income-eligible",
          "everyone"
        ],
        "phone": "650-853-8672",
        "link": "https://lifemoves.org/directory/opportunity-services-center/",
        "linkText": "Get Help"
      }
    },
    {
      "type": "Feature",
      "geometry": {
        "type": "Point",
        "coordinates": [
          -122.177992,
          37.4519671
        ]
      },
      "properties": {
        "id": "haven-family-house",
        "name": "Haven Family House (LifeMoves)",
        "category": "community",
        "categoryColor": "#8B5CF6",
        "area": "San Mateo County",
        "city": "",
        "address": "181 Constitution Drive, Menlo Park, CA 94025",
        "description": "Haven Family House is a LifeMoves interim housing facility in Menlo Park providing shelter and comprehensive services for families experiencing homele...",
        "groups": [
          "unhoused",
          "families",
          "income-eligible",
          "veterans"
        ],
        "phone": "650-325-8719",
        "link": "https://lifemoves.org/get-help/",
        "linkText": "Get Help"
      }
    },
    {
      "type": "Feature",
      "geometry": {
        "type": "Point",
        "coordinates": [
          -122.2522,
          37.8318
        ]
      },
      "properties": {
        "id": "acs-discovery-shop-oakland",
        "name": "American Cancer Society: Discovery Shop (Oakland)",
        "category": "community",
        "categoryColor": "#8B5CF6",
        "area": "Alameda County",
        "city": "",
        "address": "127 41st St, Oakland, CA 94611",
        "description": "The American Cancer Society Discovery Shop in Oakland is a thrift store selling quality secondhand and vintage items, with proceeds supporting cancer ...",
        "groups": [
          "everyone"
        ],
        "phone": "(510) 601-0100",
        "link": "https://www.cancer.org/donate/discovery-shops-national/shops/oakland.html",
        "linkText": "Visit Store"
      }
    },
    {
      "type": "Feature",
      "geometry": {
        "type": "Point",
        "coordinates": [
          -122.2986,
          38.3177
        ]
      },
      "properties": {
        "id": "acs-discovery-shop-napa",
        "name": "American Cancer Society: Discovery Shop (Napa)",
        "category": "community",
        "categoryColor": "#8B5CF6",
        "area": "Napa County",
        "city": "",
        "address": "1380 Trancas St, Napa, CA 94558",
        "description": "The American Cancer Society Discovery Shop in Napa is a thrift store selling quality secondhand and vintage items, with proceeds supporting cancer res...",
        "groups": [
          "everyone"
        ],
        "phone": "(707) 224-4398",
        "link": "https://www.cancer.org/donate/discovery-shops-national/shops/napa.html",
        "linkText": "Visit Store"
      }
    },
    {
      "type": "Feature",
      "geometry": {
        "type": "Point",
        "coordinates": [
          -122.5697,
          38.1074
        ]
      },
      "properties": {
        "id": "acs-discovery-shop-novato",
        "name": "American Cancer Society: Discovery Shop (Novato)",
        "category": "community",
        "categoryColor": "#8B5CF6",
        "area": "Marin County",
        "city": "",
        "address": "930 Diablo Ave, Novato, CA 94947",
        "description": "The American Cancer Society Discovery Shop in Novato is a thrift store selling quality secondhand and vintage items, with proceeds supporting cancer r...",
        "groups": [
          "everyone"
        ],
        "phone": "(415) 408-5722",
        "link": "https://www.cancer.org/donate/discovery-shops-national/shops/novato.html",
        "linkText": "Visit Store"
      }
    },
    {
      "type": "Feature",
      "geometry": {
        "type": "Point",
        "coordinates": [
          -121.8758,
          37.6604
        ]
      },
      "properties": {
        "id": "acs-discovery-shop-pleasanton",
        "name": "American Cancer Society: Discovery Shop (Pleasanton)",
        "category": "community",
        "categoryColor": "#8B5CF6",
        "area": "Alameda County",
        "city": "",
        "address": "1989 Santa Rita Rd, Pleasanton, CA 94566",
        "description": "The American Cancer Society Discovery Shop in Pleasanton has two locations in the same shopping center, selling quality secondhand and vintage items w...",
        "groups": [
          "everyone"
        ],
        "phone": "(925) 462-7374",
        "link": "https://www.cancer.org/donate/discovery-shops-national/shops/pleasanton.html",
        "linkText": "Visit Store"
      }
    },
    {
      "type": "Feature",
      "geometry": {
        "type": "Point",
        "coordinates": [
          -122.0608,
          37.9021
        ]
      },
      "properties": {
        "id": "acs-discovery-shop-walnut-creek",
        "name": "American Cancer Society: Discovery Shop (Walnut Creek)",
        "category": "community",
        "categoryColor": "#8B5CF6",
        "area": "Contra Costa County",
        "city": "",
        "address": "1538 Locust St, Walnut Creek, CA 94596",
        "description": "The American Cancer Society Discovery Shop in Walnut Creek is a thrift store selling quality secondhand and vintage items, with proceeds supporting ca...",
        "groups": [
          "everyone"
        ],
        "phone": "(925) 944-1991",
        "link": "https://www.cancer.org/donate/discovery-shops-national/shops/walnut-creek.html",
        "linkText": "Visit Store"
      }
    },
    {
      "type": "Feature",
      "geometry": {
        "type": "Point",
        "coordinates": [
          -121.9143,
          37.2529
        ]
      },
      "properties": {
        "id": "acs-discovery-shop-san-jose",
        "name": "American Cancer Society: Discovery Shop (San Jose)",
        "category": "community",
        "categoryColor": "#8B5CF6",
        "area": "Santa Clara County",
        "city": "",
        "address": "1103 Branham Ln, San Jose, CA 95118",
        "description": "The American Cancer Society Discovery Shop in San Jose is a thrift store selling quality secondhand and vintage items, with proceeds supporting cancer...",
        "groups": [
          "everyone"
        ],
        "phone": "(408) 265-5535",
        "link": "https://www.cancer.org/donate/discovery-shops-national/shops/san-jose.html",
        "linkText": "Visit Store"
      }
    },
    {
      "type": "Feature",
      "geometry": {
        "type": "Point",
        "coordinates": [
          -121.9847,
          37.2226
        ]
      },
      "properties": {
        "id": "acs-discovery-shop-los-gatos",
        "name": "American Cancer Society: Discovery Shop (Los Gatos)",
        "category": "community",
        "categoryColor": "#8B5CF6",
        "area": "Santa Clara County",
        "city": "",
        "address": "150 W Main St, Los Gatos, CA 95030",
        "description": "The American Cancer Society Discovery Shop in Los Gatos is a thrift store selling quality secondhand and vintage items, with proceeds supporting cance...",
        "groups": [
          "everyone"
        ],
        "phone": "(408) 354-5917",
        "link": "https://www.cancer.org/donate/discovery-shops-national/shops/los-gatos.html",
        "linkText": "Visit Store"
      }
    },
    {
      "type": "Feature",
      "geometry": {
        "type": "Point",
        "coordinates": [
          -122.036,
          37.3569
        ]
      },
      "properties": {
        "id": "acs-discovery-shop-sunnyvale",
        "name": "American Cancer Society: Discovery Shop (Sunnyvale)",
        "category": "community",
        "categoryColor": "#8B5CF6",
        "area": "Santa Clara County",
        "city": "",
        "address": "1659 Hollenbeck Ave, Sunnyvale, CA 94087",
        "description": "The American Cancer Society Discovery Shop in Sunnyvale is a thrift store selling quality secondhand and vintage items, with proceeds supporting cance...",
        "groups": [
          "everyone"
        ],
        "phone": "(408) 737-7707",
        "link": "https://www.cancer.org/donate/discovery-shops-national/shops/sunnyvale.html",
        "linkText": "Visit Store"
      }
    },
    {
      "type": "Feature",
      "geometry": {
        "type": "Point",
        "coordinates": [
          -122.1306312,
          37.4705872
        ]
      },
      "properties": {
        "id": "ehp-donations",
        "name": "Ecumenical Hunger Program Donations",
        "category": "community",
        "categoryColor": "#8B5CF6",
        "area": "San Mateo County",
        "city": "",
        "address": "2411 Pulgas Avenue, East Palo Alto, CA 94303",
        "description": "The Ecumenical Hunger Program (EHP) accepts donations of clothing, household items, food, and furniture to support its food and basic-needs services f...",
        "groups": [
          "everyone"
        ],
        "phone": "650-323-7781",
        "link": "https://www.ehpcares.org/",
        "linkText": "Donate"
      }
    },
    {
      "type": "Feature",
      "geometry": {
        "type": "Point",
        "coordinates": [
          -122.2466094,
          37.4696951
        ]
      },
      "properties": {
        "id": "nine-lives-foundation",
        "name": "Nine Lives Foundation",
        "category": "community",
        "categoryColor": "#8B5CF6",
        "area": "San Mateo County",
        "city": "",
        "address": "3137 Jefferson Avenue, Redwood City, CA 94062",
        "description": "Nine Lives Foundation accepts donations of pet supplies and cat-related items to support their cat rescue, rehabilitation, and adoption programs in Sa...",
        "groups": [
          "everyone"
        ],
        "phone": "650-368-1365",
        "link": "https://ninelivesfoundation.org/",
        "linkText": "Donate"
      }
    },
    {
      "type": "Feature",
      "geometry": {
        "type": "Point",
        "coordinates": [
          -122.4202598,
          37.6353699
        ]
      },
      "properties": {
        "id": "parca-thrift-shop",
        "name": "PARCA Thrift Shop",
        "category": "community",
        "categoryColor": "#8B5CF6",
        "area": "San Mateo County",
        "city": "",
        "address": "1101 El Camino Real, San Bruno, CA 94066",
        "description": "PARCA Thrift Shop accepts donations and operates a thrift store with proceeds supporting programs for adults with developmental disabilities in San Ma...",
        "groups": [
          "everyone"
        ],
        "phone": "650-312-0730",
        "link": "https://www.parca.org/",
        "linkText": "Donate"
      }
    },
    {
      "type": "Feature",
      "geometry": {
        "type": "Point",
        "coordinates": [
          -122.3685574,
          37.5925546
        ]
      },
      "properties": {
        "id": "peninsula-humane-society-donations",
        "name": "Peninsula Humane Society & SPCA Donations",
        "category": "community",
        "categoryColor": "#8B5CF6",
        "area": "San Mateo County",
        "city": "",
        "address": "1450 Rollins Road, Burlingame, CA 94010",
        "description": "Peninsula Humane Society & SPCA accepts donations of pet supplies and household goods to support their animal rescue, care, and adoption programs in S...",
        "groups": [
          "everyone"
        ],
        "phone": "650-340-7022",
        "link": "https://phs-spca.org/",
        "linkText": "Donate"
      }
    },
    {
      "type": "Feature",
      "geometry": {
        "type": "Point",
        "coordinates": [
          -122.361699,
          37.586709
        ]
      },
      "properties": {
        "id": "pick-of-the-litter",
        "name": "Pick of the Litter Books",
        "category": "community",
        "categoryColor": "#8B5CF6",
        "area": "San Mateo County",
        "city": "",
        "address": "1101 California Drive, Burlingame, CA 94010",
        "description": "Pick of the Litter Books is a used bookstore accepting book donations with all proceeds supporting Peninsula Humane Society & SPCA animal welfare prog...",
        "groups": [
          "everyone"
        ],
        "phone": "",
        "link": "https://phs-spca.org/pick/",
        "linkText": "Donate Books"
      }
    },
    {
      "type": "Feature",
      "geometry": {
        "type": "Point",
        "coordinates": [
          -122.3776484,
          37.2564652
        ]
      },
      "properties": {
        "id": "puente-de-la-costa-sur",
        "name": "Puente de la Costa Sur",
        "category": "community",
        "categoryColor": "#8B5CF6",
        "area": "San Mateo County",
        "city": "",
        "address": "620 North Street, Pescadero, CA 94060",
        "description": "Puente de la Costa Sur accepts donations of household items and building materials to support their programs serving rural South Coast San Mateo Count...",
        "groups": [
          "everyone"
        ],
        "phone": "650-879-1691",
        "link": "https://www.mypuente.org/",
        "linkText": "Donate"
      }
    },
    {
      "type": "Feature",
      "geometry": {
        "type": "Point",
        "coordinates": [
          -122.2256829,
          37.4814937
        ]
      },
      "properties": {
        "id": "st-francis-center-rw",
        "name": "St. Francis Center (Redwood City)",
        "category": "community",
        "categoryColor": "#8B5CF6",
        "area": "San Mateo County",
        "city": "",
        "address": "139 Elm Street, Redwood City, CA 94062",
        "description": "St. Francis Center in Redwood City accepts donations of clothing and household items to support their programs serving low-income families in the Redw...",
        "groups": [
          "everyone"
        ],
        "phone": "650-365-2986",
        "link": "https://stfrancisrwc.org/",
        "linkText": "Donate"
      }
    },
    {
      "type": "Feature",
      "geometry": {
        "type": "Point",
        "coordinates": [
          -122.3973665,
          37.8016231
        ]
      },
      "properties": {
        "id": "exploratorium-teacher-free",
        "name": "Exploratorium Free Teacher Admission",
        "category": "community",
        "categoryColor": "#8B5CF6",
        "area": "San Francisco",
        "city": "San Francisco",
        "address": "Pier 15, San Francisco, CA 94111",
        "description": "The Exploratorium offers free admission to K-12 teachers, allowing educators to explore exhibits and develop ideas for classroom activities.",
        "groups": [
          "teachers",
          "everyone"
        ],
        "phone": "415-528-4444",
        "link": "https://www.exploratorium.edu/visit/reduced-rates",
        "linkText": "Plan Visit"
      }
    },
    {
      "type": "Feature",
      "geometry": {
        "type": "Point",
        "coordinates": [
          -122.268136,
          37.873189
        ]
      },
      "properties": {
        "id": "bay-area-writing-project",
        "name": "Bay Area Writing Project",
        "category": "community",
        "categoryColor": "#8B5CF6",
        "area": "Alameda County",
        "city": "Berkeley",
        "address": "2121 Berkeley Way, Berkeley, CA 94720",
        "description": "The Bay Area Writing Project at UC Berkeley provides professional development programs for teachers, helping educators improve writing instruction and...",
        "groups": [
          "teachers"
        ],
        "phone": "510-642-0963",
        "link": "https://bawp.berkeley.edu/",
        "linkText": "Apply Now"
      }
    },
    {
      "type": "Feature",
      "geometry": {
        "type": "Point",
        "coordinates": [
          -122.405408,
          37.786
        ]
      },
      "properties": {
        "id": "family-caregiver-alliance",
        "name": "Family Caregiver Alliance / Bay Area Caregiver Resource Center",
        "category": "community",
        "categoryColor": "#8B5CF6",
        "area": "Bay Area",
        "city": "",
        "address": "785 Market St, Suite 750, San Francisco, CA 94103",
        "description": "Family Caregiver Alliance operates the Bay Area Caregiver Resource Center, providing support, education, and services to family caregivers of adults w...",
        "groups": [
          "caregivers",
          "seniors",
          "disability"
        ],
        "phone": "415-434-3388",
        "link": "https://www.caregiver.org/",
        "linkText": "Get Support"
      }
    },
    {
      "type": "Feature",
      "geometry": {
        "type": "Point",
        "coordinates": [
          -122.271961,
          37.804464
        ]
      },
      "properties": {
        "id": "beyond-emancipation",
        "name": "Beyond Emancipation",
        "category": "community",
        "categoryColor": "#8B5CF6",
        "area": "Alameda County",
        "city": "",
        "address": "505 14th St, Suite 900, Oakland, CA 94612",
        "description": "Beyond Emancipation helps current and former foster youth in Alameda County transition to successful adulthood through housing, education, employment,...",
        "groups": [
          "foster-youth",
          "youth"
        ],
        "phone": "510-667-7694",
        "link": "https://beyondemancipation.org/",
        "linkText": "Get Help"
      }
    },
    {
      "type": "Feature",
      "geometry": {
        "type": "Point",
        "coordinates": [
          -122.268845,
          37.806359
        ]
      },
      "properties": {
        "id": "first-place-for-youth",
        "name": "First Place for Youth",
        "category": "community",
        "categoryColor": "#8B5CF6",
        "area": "Bay Area",
        "city": "",
        "address": "426 17th St, Suite 200, Oakland, CA 94612",
        "description": "First Place for Youth helps foster youth ages 18-24 build the skills they need to successfully transition to adulthood through housing, education, and...",
        "groups": [
          "foster-youth",
          "youth"
        ],
        "phone": "510-272-0979",
        "link": "https://www.firstplaceforyouth.org/",
        "linkText": "Apply Now"
      }
    },
    {
      "type": "Feature",
      "geometry": {
        "type": "Point",
        "coordinates": [
          -122.407149,
          37.78492
        ]
      },
      "properties": {
        "id": "sf-casa",
        "name": "San Francisco CASA",
        "category": "community",
        "categoryColor": "#8B5CF6",
        "area": "San Francisco",
        "city": "San Francisco",
        "address": "870 Market St, Suite 1065, San Francisco, CA 94102",
        "description": "San Francisco Court Appointed Special Advocates (CASA) trains volunteers to advocate for children and youth in the foster care system, ensuring their ...",
        "groups": [
          "foster-youth",
          "youth",
          "families"
        ],
        "phone": "415-398-8001",
        "link": "https://sfcasa.org/",
        "linkText": "Learn More"
      }
    },
    {
      "type": "Feature",
      "geometry": {
        "type": "Point",
        "coordinates": [
          -122.1653402,
          37.7653166
        ]
      },
      "properties": {
        "id": "alameda-adult-school",
        "name": "Oakland Adult & Career Education",
        "category": "education",
        "categoryColor": "#3B82F6",
        "area": "Alameda County",
        "city": "Oakland",
        "address": "7929 Ney Avenue, Oakland, CA 94605",
        "description": "Oakland Adult & Career Education (OACE), part of Oakland Unified School District, provides classes for adults including GED and high school diploma pr...",
        "groups": [
          "everyone",
          "immigrants"
        ],
        "phone": "510-879-1400",
        "link": "https://www.ousd.org/adult-and-career-education",
        "linkText": "Register Now"
      }
    },
    {
      "type": "Feature",
      "geometry": {
        "type": "Point",
        "coordinates": [
          -122.3288753,
          37.5762746
        ]
      },
      "properties": {
        "id": "smc-adult-education",
        "name": "San Mateo Adult & Career Education",
        "category": "education",
        "categoryColor": "#3B82F6",
        "area": "San Mateo County",
        "city": "San Mateo",
        "address": "789 East Poplar Ave, San Mateo, CA 94401",
        "description": "San Mateo Adult & Career Education (SMACE) offers free and low-cost classes for adults including ESL, GED and high school diploma, citizenship, and ca...",
        "groups": [
          "everyone",
          "immigrants"
        ],
        "phone": "650-558-2100",
        "link": "https://sanmateoadulted.org/",
        "linkText": "Enroll Now"
      }
    },
    {
      "type": "Feature",
      "geometry": {
        "type": "Point",
        "coordinates": [
          -121.8646043,
          37.2797778
        ]
      },
      "properties": {
        "id": "scusd-adult-education",
        "name": "Silicon Valley Adult Education (San Jose)",
        "category": "education",
        "categoryColor": "#3B82F6",
        "area": "Santa Clara County",
        "city": "San Jose",
        "address": "760 Hillsdale Avenue, San Jose, CA 95136",
        "description": "Silicon Valley Adult Education, run by the Metropolitan Education District (MetroED), provides classes for adults in San Jose including ESL, high scho...",
        "groups": [
          "everyone",
          "immigrants"
        ],
        "phone": "408-723-6400",
        "link": "https://svae.metroed.net/",
        "linkText": "Register Now"
      }
    },
    {
      "type": "Feature",
      "geometry": {
        "type": "Point",
        "coordinates": [
          -121.9979519,
          37.9672133
        ]
      },
      "properties": {
        "id": "bacn-emergency-childcare",
        "name": "Bay Area Crisis Nursery - Emergency Childcare",
        "category": "education",
        "categoryColor": "#3B82F6",
        "area": "Contra Costa County",
        "city": "",
        "address": "1506 Mendocino Drive, Concord, CA 94521",
        "description": "Bay Area Crisis Nursery provides free emergency childcare for families in crisis, offering a safe, nurturing environment for young children while pare...",
        "groups": [
          "income-eligible",
          "families",
          "youth"
        ],
        "phone": "925-685-8052",
        "link": "https://bayareacrisisnursery.org/programs/emergency-childcare/",
        "linkText": "Learn More"
      }
    },
    {
      "type": "Feature",
      "geometry": {
        "type": "Point",
        "coordinates": [
          -122.428483,
          37.763705
        ]
      },
      "properties": {
        "id": "childrens-council-sf",
        "name": "Children's Council San Francisco",
        "category": "education",
        "categoryColor": "#3B82F6",
        "area": "San Francisco",
        "city": "",
        "address": "445 Church Street, San Francisco, CA 94114",
        "description": "Children's Council San Francisco helps income-eligible families access subsidized childcare, providing partial or complete coverage of childcare costs...",
        "groups": [
          "income-eligible",
          "families",
          "youth"
        ],
        "phone": "415-343-3300",
        "link": "https://www.childrenscouncil.org/families/help-paying-for-child-care/",
        "linkText": "Apply"
      }
    },
    {
      "type": "Feature",
      "geometry": {
        "type": "Point",
        "coordinates": [
          -121.893477,
          37.337254
        ]
      },
      "properties": {
        "id": "choices-for-children",
        "name": "Choices for Children",
        "category": "education",
        "categoryColor": "#3B82F6",
        "area": "Santa Clara County",
        "city": "",
        "address": "111 W. St. John Street, Suite 1100, San Jose, CA 95113",
        "description": "Choices for Children provides subsidized childcare services to income-eligible families in Santa Clara County, helping parents work or attend school w...",
        "groups": [
          "income-eligible",
          "families",
          "youth"
        ],
        "phone": "408-487-0749",
        "link": "https://www.cfcscc.org/our-programs/",
        "linkText": "Apply"
      }
    },
    {
      "type": "Feature",
      "geometry": {
        "type": "Point",
        "coordinates": [
          -122.0945522,
          37.6589373
        ]
      },
      "properties": {
        "id": "alameda-workforce",
        "name": "Alameda County Workforce Development Board",
        "category": "employment",
        "categoryColor": "#6B7280",
        "area": "Alameda County",
        "city": "",
        "address": "24100 Amador Street, Hayward, CA 94544",
        "description": "The Alameda County Workforce Development Board funds free career centers that provide job search help, training, and employment support for job seeker...",
        "groups": [
          "unemployed",
          "everyone"
        ],
        "phone": "510-259-3842",
        "link": "https://acwdb.org/job-seekers/",
        "linkText": "Find a Center"
      }
    },
    {
      "type": "Feature",
      "geometry": {
        "type": "Point",
        "coordinates": [
          -122.14711,
          37.475546
        ]
      },
      "properties": {
        "id": "jobtrain",
        "name": "JobTrain",
        "category": "employment",
        "categoryColor": "#6B7280",
        "area": "San Mateo County",
        "city": "Menlo Park",
        "address": "1200 O'Brien Drive, Menlo Park, CA 94025",
        "description": "JobTrain is a Menlo Park nonprofit that provides free career training in high-demand fields including healthcare, culinary arts, IT, and construction ...",
        "groups": [
          "income-eligible",
          "unemployed"
        ],
        "phone": "650-330-6429",
        "link": "https://www.jobtrainworks.org/",
        "linkText": "Apply Now"
      }
    },
    {
      "type": "Feature",
      "geometry": {
        "type": "Point",
        "coordinates": [
          -122.751082,
          38.424494
        ]
      },
      "properties": {
        "id": "sonoma-workforce",
        "name": "Sonoma County Job Link",
        "category": "employment",
        "categoryColor": "#6B7280",
        "area": "Sonoma County",
        "city": "",
        "address": "2227 Capricorn Way, Suite 100, Santa Rosa, CA 95407",
        "description": "Sonoma County Job Link is the America's Job Center serving Sonoma County, offering free employment services to job seekers and businesses.",
        "groups": [
          "unemployed",
          "everyone"
        ],
        "phone": "707-565-5550",
        "link": "https://joblinksonoma.org/",
        "linkText": "Find Services"
      }
    },
    {
      "type": "Feature",
      "geometry": {
        "type": "Point",
        "coordinates": [
          -122.274409,
          38.248675
        ]
      },
      "properties": {
        "id": "napa-workforce",
        "name": "CareerPoint Napa County Career Center",
        "category": "employment",
        "categoryColor": "#6B7280",
        "area": "Napa County",
        "city": "Napa",
        "address": "2751 Napa Valley Corporate Dr, Napa, CA 94558",
        "description": "CareerPoint Napa is Napa County's career center, part of the Workforce Alliance of the North Bay. It provides free job search and career development s...",
        "groups": [
          "unemployed",
          "everyone"
        ],
        "phone": "707-253-4134",
        "link": "https://www.workforcealliancenorthbay.org/career-centers/",
        "linkText": "Get Started"
      }
    },
    {
      "type": "Feature",
      "geometry": {
        "type": "Point",
        "coordinates": [
          -122.406723,
          37.777711
        ]
      },
      "properties": {
        "id": "oewd-citybuild",
        "name": "CityBuild Academy",
        "category": "employment",
        "categoryColor": "#6B7280",
        "area": "San Francisco",
        "city": "San Francisco",
        "address": "Mission Hiring Hall, 1048 Folsom Street, San Francisco, CA 94103",
        "description": "CityBuild Academy is San Francisco's free pre-apprenticeship and construction skills training program, run by the Office of Economic and Workforce Dev...",
        "groups": [
          "unemployed",
          "income-eligible",
          "reentry"
        ],
        "phone": "415-701-4817",
        "link": "https://www.sf.gov/apply-train-career-construction",
        "linkText": "Apply Now"
      }
    },
    {
      "type": "Feature",
      "geometry": {
        "type": "Point",
        "coordinates": [
          -122.419129,
          37.76018
        ]
      },
      "properties": {
        "id": "meda-workforce",
        "name": "MEDA Workforce Development",
        "category": "employment",
        "categoryColor": "#6B7280",
        "area": "San Francisco",
        "city": "San Francisco",
        "address": "2301 Mission St, Suite 301, San Francisco, CA 94110",
        "description": "Mission Economic Development Agency (MEDA) offers a free Workforce Development Program that helps San Francisco's low- and moderate-income job seekers...",
        "groups": [
          "unemployed",
          "immigrants",
          "income-eligible"
        ],
        "phone": "415-282-3334",
        "link": "https://medasf.org/workforce-development/",
        "linkText": "Get Help"
      }
    },
    {
      "type": "Feature",
      "geometry": {
        "type": "Point",
        "coordinates": [
          -122.0618595,
          37.6164565
        ]
      },
      "properties": {
        "id": "a-greener-source",
        "name": "A Greener Source",
        "category": "equipment",
        "categoryColor": "#6B7280",
        "area": "Bay Area",
        "city": "",
        "address": "30799 Wiegman Rd, Hayward, CA 94544",
        "description": "A Greener Source is an office furniture decommissioning company that keeps unwanted furniture out of landfills by donating it at no cost to registered...",
        "groups": [
          "nonprofits"
        ],
        "phone": "650-756-0999",
        "link": "https://www.agreenersource.com/non-profits/",
        "linkText": "Register"
      }
    },
    {
      "type": "Feature",
      "geometry": {
        "type": "Point",
        "coordinates": [
          -122.117533,
          37.706209
        ]
      },
      "properties": {
        "id": "alameda-county-property-salvage",
        "name": "Alameda County Property & Salvage Donations",
        "category": "equipment",
        "categoryColor": "#6B7280",
        "area": "Alameda County",
        "city": "",
        "address": "15800 Foothill Blvd, San Leandro, CA 94578",
        "description": "Alameda County's General Services Agency donates surplus office furnishings from its Property & Salvage warehouse to qualified nonprofits that contrac...",
        "groups": [
          "nonprofits"
        ],
        "phone": "510-667-7591",
        "link": "https://gsa.acgov.org/local-services/property-salvage/donations/",
        "linkText": "Learn More"
      }
    },
    {
      "type": "Feature",
      "geometry": {
        "type": "Point",
        "coordinates": [
          -122.3852748,
          37.7456694
        ]
      },
      "properties": {
        "id": "building-resources",
        "name": "Building Resources",
        "category": "equipment",
        "categoryColor": "#6B7280",
        "area": "San Francisco",
        "city": "",
        "address": "701 Amador Street, San Francisco, CA 94124",
        "description": "Building Resources of San Francisco is a nonprofit 501(c)(3) reuse yard that sells low-cost salvaged and donated residential, commercial, and landscap...",
        "groups": [
          "nonprofits",
          "everyone"
        ],
        "phone": "415-285-7814",
        "link": "https://buildingresources.org/",
        "linkText": "Learn More"
      }
    },
    {
      "type": "Feature",
      "geometry": {
        "type": "Point",
        "coordinates": [
          -121.4991776,
          38.6434117
        ]
      },
      "properties": {
        "id": "california-federal-surplus-program",
        "name": "California Federal Surplus Property Program",
        "category": "equipment",
        "categoryColor": "#6B7280",
        "area": "Statewide",
        "city": "",
        "address": "1700 National Drive, Sacramento, CA 95834",
        "description": "The California Department of General Services' Federal Surplus Personal Property Program (FSPP) obtains federal surplus property for qualifying public...",
        "groups": [
          "nonprofits"
        ],
        "phone": "916-327-0535",
        "link": "https://www.dgs.ca.gov/OFAM/Services/Page-Content/Office-of-Fleet-and-Asset-Management-Services-List-Folder/Apply-or-Renew-as-Federal-Donee-of-Surplus-Property",
        "linkText": "Apply as Donee"
      }
    },
    {
      "type": "Feature",
      "geometry": {
        "type": "Point",
        "coordinates": [
          -122.4029816,
          37.7389577
        ]
      },
      "properties": {
        "id": "scrap-sf",
        "name": "SCRAP (Scroungers' Center for Re-usable Art Parts)",
        "category": "equipment",
        "categoryColor": "#6B7280",
        "area": "San Francisco",
        "city": "",
        "address": "141 Industrial St, San Francisco, CA 94124",
        "description": "SCRAP is a San Francisco creative reuse nonprofit whose Arts & Education Materials Depot offers ever-changing, affordable donated materials for teache...",
        "groups": [
          "nonprofits",
          "teachers"
        ],
        "phone": "415-647-1746",
        "link": "https://www.scrap-sf.org/",
        "linkText": "Visit SCRAP"
      }
    },
    {
      "type": "Feature",
      "geometry": {
        "type": "Point",
        "coordinates": [
          -122.2971526,
          37.5379257
        ]
      },
      "properties": {
        "id": "samaritan-house-vita",
        "name": "Samaritan House VITA",
        "category": "finance",
        "categoryColor": "#10B981",
        "area": "San Mateo County",
        "city": "",
        "address": "4031 Pacific Blvd, San Mateo, CA 94403",
        "description": "Samaritan House provides free in-person tax preparation through the IRS VITA program for San Mateo County residents at its San Mateo headquarters.",
        "groups": [
          "income-eligible",
          "everyone"
        ],
        "phone": "650-347-3648",
        "link": "https://samaritanhousesanmateo.org/article/free-tax-preparation/",
        "linkText": "Contact"
      }
    },
    {
      "type": "Feature",
      "geometry": {
        "type": "Point",
        "coordinates": [
          -121.9832571,
          37.5507982
        ]
      },
      "properties": {
        "id": "sparkpoint-fremont-vita",
        "name": "SparkPoint Fremont VITA",
        "category": "finance",
        "categoryColor": "#10B981",
        "area": "Alameda County",
        "city": "",
        "address": "39155 Liberty Street, Fremont, CA 94538",
        "description": "SparkPoint Fremont at the Fremont Family Resource Center offers free tax preparation for current year and back taxes for low to moderate income famili...",
        "groups": [
          "income-eligible",
          "everyone"
        ],
        "phone": "510-574-2020",
        "link": "https://www.fremont.gov/government/departments/human-services/human-services-in-the-community/sparkpoint/free-tax-preparation",
        "linkText": "Contact"
      }
    },
    {
      "type": "Feature",
      "geometry": {
        "type": "Point",
        "coordinates": [
          -122.4111678,
          37.6232533
        ]
      },
      "properties": {
        "id": "baec-entrepreneur-center",
        "name": "Bay Area Entrepreneur Center",
        "category": "finance",
        "categoryColor": "#10B981",
        "area": "San Mateo County",
        "city": "",
        "address": "458 San Mateo Ave, San Bruno, CA 94066",
        "description": "The Bay Area Entrepreneur Center (BAEC) of Skyline College is a business accelerator and resource center in downtown San Bruno that helps students and...",
        "groups": [
          "everyone"
        ],
        "phone": "",
        "link": "https://www.skylinebaec.org/",
        "linkText": "Get Started"
      }
    },
    {
      "type": "Feature",
      "geometry": {
        "type": "Point",
        "coordinates": [
          -122.0376048,
          37.3717769
        ]
      },
      "properties": {
        "id": "nova-workforce",
        "name": "NOVAworks Workforce Development",
        "category": "finance",
        "categoryColor": "#10B981",
        "area": "San Mateo County",
        "city": "",
        "address": "456 W. Olive Avenue, Sunnyvale, CA 94086",
        "description": "NOVAworks is the workforce development board for San Mateo County and seven northwest Santa Clara County cities (Cupertino, Los Altos, Milpitas, Mount...",
        "groups": [
          "unemployed",
          "everyone"
        ],
        "phone": "408-730-7232",
        "link": "https://novaworks.org/",
        "linkText": "Get Started"
      }
    },
    {
      "type": "Feature",
      "geometry": {
        "type": "Point",
        "coordinates": [
          -122.4161433,
          37.7391861
        ]
      },
      "properties": {
        "id": "bernal-heights-brown-bag",
        "name": "Bernal Heights Neighborhood Center - Food Pantries & Senior Food Boxes",
        "category": "food",
        "categoryColor": "#F59E0B",
        "area": "San Francisco",
        "city": "San Francisco",
        "address": "515 Cortland Avenue, San Francisco, CA 94110",
        "description": "Bernal Heights Neighborhood Center runs weekly free food pantries with the SF-Marin Food Bank and a monthly senior food box program at its Cortland Av...",
        "groups": [
          "seniors",
          "income-eligible",
          "everyone"
        ],
        "phone": "415-206-2140",
        "link": "https://bhnc.org/services/senior-programs/",
        "linkText": "Learn More"
      }
    },
    {
      "type": "Feature",
      "geometry": {
        "type": "Point",
        "coordinates": [
          -122.2901734,
          37.8481122
        ]
      },
      "properties": {
        "id": "j-sei-meals-on-wheels",
        "name": "J-Sei Meals on Wheels",
        "category": "food",
        "categoryColor": "#F59E0B",
        "area": "Alameda County",
        "city": "",
        "address": "1285 66th Street, Emeryville, CA 94608",
        "description": "J-Sei, a Japanese American community center in Emeryville, delivers hot Japanese-style lunches to seniors in parts of Alameda and Contra Costa countie...",
        "groups": [
          "seniors"
        ],
        "phone": "510-654-4000",
        "link": "https://j-sei.org/seniorservices/nutrition/",
        "linkText": "Apply"
      }
    },
    {
      "type": "Feature",
      "geometry": {
        "type": "Point",
        "coordinates": [
          -122.0986306,
          37.992913
        ]
      },
      "properties": {
        "id": "mow-contra-costa",
        "name": "Meals on Wheels Contra Costa",
        "category": "food",
        "categoryColor": "#F59E0B",
        "area": "Contra Costa County",
        "city": "",
        "address": "1330 Arnold Drive, Suite 149, Martinez, CA 94553",
        "description": "Meals on Wheels Contra Costa is a Martinez-based nonprofit that funds home-delivered meals for homebound seniors across Contra Costa County and connec...",
        "groups": [
          "seniors",
          "disability"
        ],
        "phone": "866-669-6697",
        "link": "https://mowcontracosta.org/our-services/",
        "linkText": "Apply"
      }
    },
    {
      "type": "Feature",
      "geometry": {
        "type": "Point",
        "coordinates": [
          -122.4150751,
          37.7691367
        ]
      },
      "properties": {
        "id": "rainbow-grocery",
        "name": "Rainbow Grocery",
        "category": "food",
        "categoryColor": "#F59E0B",
        "area": "San Francisco",
        "city": "San Francisco",
        "address": "1745 Folsom Street, San Francisco, CA 94103",
        "description": "Rainbow Grocery is a worker-owned cooperative grocery store in San Francisco's Mission District offering natural, organic, and vegetarian foods, with ...",
        "groups": [
          "income-eligible",
          "seniors"
        ],
        "phone": "415-863-0620",
        "link": "https://rainbow.coop/contact/",
        "linkText": "Visit Store"
      }
    },
    {
      "type": "Feature",
      "geometry": {
        "type": "Point",
        "coordinates": [
          -122.4125596,
          37.781848
        ]
      },
      "properties": {
        "id": "st-anthonys-dining",
        "name": "St. Anthony's Dining Room",
        "category": "food",
        "categoryColor": "#F59E0B",
        "area": "San Francisco",
        "city": "San Francisco",
        "address": "121 Golden Gate Avenue, San Francisco, CA 94102",
        "description": "St. Anthony's Dining Room has served San Francisco's Tenderloin neighborhood since 1950, providing free hot meals daily with dignity and respect to al...",
        "groups": [
          "everyone"
        ],
        "phone": "415-241-2600",
        "link": "https://www.stanthonysf.org/dining-room/",
        "linkText": "Visit"
      }
    },
    {
      "type": "Feature",
      "geometry": {
        "type": "Point",
        "coordinates": [
          -122.1306312,
          37.4705872
        ]
      },
      "properties": {
        "id": "ecumenical-hunger-program",
        "name": "Ecumenical Hunger Program",
        "category": "food",
        "categoryColor": "#F59E0B",
        "area": "San Mateo County",
        "city": "East Palo Alto",
        "address": "2411 Pulgas Avenue, East Palo Alto, CA 94303",
        "description": "The Ecumenical Hunger Program (EHP) has served East Palo Alto and surrounding communities for 50 years with food boxes, hot lunches, fresh produce, cl...",
        "groups": [
          "income-eligible",
          "everyone"
        ],
        "phone": "650-323-7781",
        "link": "https://www.ehpcares.org/programs",
        "linkText": "Learn More"
      }
    },
    {
      "type": "Feature",
      "geometry": {
        "type": "Point",
        "coordinates": [
          -122.399222,
          37.726709
        ]
      },
      "properties": {
        "id": "sfha-housing-authority",
        "name": "San Francisco Housing Authority",
        "category": "housing",
        "categoryColor": "#6B7280",
        "area": "San Francisco",
        "city": "San Francisco",
        "address": "1815 Egbert Avenue, San Francisco, CA 94124",
        "description": "The San Francisco Housing Authority administers public housing and Section 8 Housing Choice Vouchers for low-income San Francisco residents.",
        "groups": [
          "income-eligible"
        ],
        "phone": "415-715-5200",
        "link": "https://sfha.org/housing-programs/waitlist",
        "linkText": "Check Waitlist"
      }
    },
    {
      "type": "Feature",
      "geometry": {
        "type": "Point",
        "coordinates": [
          -122.082675,
          37.667572
        ]
      },
      "properties": {
        "id": "alameda-housing-authority",
        "name": "Alameda County Housing Authority (HACA)",
        "category": "housing",
        "categoryColor": "#6B7280",
        "area": "Alameda County",
        "city": "",
        "address": "22941 Atherton Street, Hayward, CA 94541",
        "description": "The Housing Authority of the County of Alameda administers Section 8 vouchers and affordable housing programs for low-income residents throughout Alam...",
        "groups": [
          "income-eligible"
        ],
        "phone": "510-727-8511",
        "link": "https://www.haca.net/",
        "linkText": "Check Waitlist"
      }
    },
    {
      "type": "Feature",
      "geometry": {
        "type": "Point",
        "coordinates": [
          -122.266589,
          37.804717
        ]
      },
      "properties": {
        "id": "oakland-housing-authority",
        "name": "Oakland Housing Authority",
        "category": "housing",
        "categoryColor": "#6B7280",
        "area": "Alameda County",
        "city": "Oakland",
        "address": "1619 Harrison Street, Oakland, CA 94612",
        "description": "The Oakland Housing Authority administers public housing and Section 8 vouchers for low-income Oakland residents.",
        "groups": [
          "income-eligible"
        ],
        "phone": "510-874-1500",
        "link": "https://www.oakha.org/",
        "linkText": "Check Waitlist"
      }
    },
    {
      "type": "Feature",
      "geometry": {
        "type": "Point",
        "coordinates": [
          -122.128246,
          38.001824
        ]
      },
      "properties": {
        "id": "contra-costa-housing-authority",
        "name": "Contra Costa County Housing Authority",
        "category": "housing",
        "categoryColor": "#6B7280",
        "area": "Contra Costa County",
        "city": "",
        "address": "3133 Estudillo Street, Martinez, CA 94553",
        "description": "The Contra Costa County Housing Authority administers Section 8 vouchers and affordable housing programs for low-income residents throughout Contra Co...",
        "groups": [
          "income-eligible"
        ],
        "phone": "925-957-8000",
        "link": "https://contracostaha.org/waitlist/",
        "linkText": "Check Waitlist"
      }
    },
    {
      "type": "Feature",
      "geometry": {
        "type": "Point",
        "coordinates": [
          -122.267849,
          37.520687
        ]
      },
      "properties": {
        "id": "san-mateo-housing-authority",
        "name": "San Mateo County Housing Authority",
        "category": "housing",
        "categoryColor": "#6B7280",
        "area": "San Mateo County",
        "city": "",
        "address": "264 Harbor Boulevard, Building A, Belmont, CA 94002",
        "description": "The Housing Authority of San Mateo County administers Section 8 vouchers and affordable housing programs for low-income residents throughout San Mateo...",
        "groups": [
          "income-eligible"
        ],
        "phone": "650-802-3300",
        "link": "https://www.smcgov.org/housing/apply-housing-authority-waiting-lists",
        "linkText": "Check Waitlist"
      }
    },
    {
      "type": "Feature",
      "geometry": {
        "type": "Point",
        "coordinates": [
          -121.902423,
          37.33583
        ]
      },
      "properties": {
        "id": "santa-clara-housing-authority",
        "name": "Santa Clara County Housing Authority",
        "category": "housing",
        "categoryColor": "#6B7280",
        "area": "Santa Clara County",
        "city": "",
        "address": "505 W. Julian Street, San Jose, CA 95110",
        "description": "The Santa Clara County Housing Authority offers voucher programs and rental properties that help more than 20,000 low-income families and individuals ...",
        "groups": [
          "income-eligible"
        ],
        "phone": "408-275-8770",
        "link": "https://www.scchousingauthority.org/section-8/for-participants/for-new-applicants/",
        "linkText": "Check Waitlist"
      }
    },
    {
      "type": "Feature",
      "geometry": {
        "type": "Point",
        "coordinates": [
          -122.538551,
          38.003864
        ]
      },
      "properties": {
        "id": "marin-housing-authority",
        "name": "Marin Housing Authority",
        "category": "housing",
        "categoryColor": "#6B7280",
        "area": "Marin County",
        "city": "",
        "address": "4020 Civic Center Drive, San Rafael, CA 94903",
        "description": "The Marin Housing Authority administers Section 8 vouchers and affordable housing programs for low-income residents in Marin County.",
        "groups": [
          "income-eligible"
        ],
        "phone": "415-491-2525",
        "link": "https://www.marinhousing.org/waitlists",
        "linkText": "Check Waitlist"
      }
    },
    {
      "type": "Feature",
      "geometry": {
        "type": "Point",
        "coordinates": [
          -122.001302,
          38.357379
        ]
      },
      "properties": {
        "id": "solano-housing-authority",
        "name": "Solano County Housing Authority",
        "category": "housing",
        "categoryColor": "#6B7280",
        "area": "Solano County",
        "city": "",
        "address": "40 Eldridge Avenue, Suite 2, Vacaville, CA 95688",
        "description": "The Solano County Housing Authority (SCHA), managed by the City of Vacaville Housing Authority, runs the Section 8 Housing Choice Voucher program for ...",
        "groups": [
          "income-eligible"
        ],
        "phone": "707-449-5675",
        "link": "https://www.cityofvacaville.gov/government/housing-and-community-services/solano-county-housing-authority",
        "linkText": "Check Waitlist"
      }
    },
    {
      "type": "Feature",
      "geometry": {
        "type": "Point",
        "coordinates": [
          -122.29096,
          38.298157
        ]
      },
      "properties": {
        "id": "napa-housing-authority",
        "name": "Napa County Housing Authority",
        "category": "housing",
        "categoryColor": "#6B7280",
        "area": "Napa County",
        "city": "",
        "address": "1115 Seminary Street, Napa, CA 94559",
        "description": "The Housing Authority of the City of Napa (HACN), staffed by the City of Napa Housing Division, provides Section 8 rental assistance countywide for lo...",
        "groups": [
          "income-eligible"
        ],
        "phone": "707-257-9543",
        "link": "https://www.cityofnapa.org/1118/Waiting-List",
        "linkText": "Check Waitlist"
      }
    },
    {
      "type": "Feature",
      "geometry": {
        "type": "Point",
        "coordinates": [
          -122.323316,
          37.5625671
        ]
      },
      "properties": {
        "id": "hip-housing-home-sharing",
        "name": "HIP Housing Home Sharing Program",
        "category": "housing",
        "categoryColor": "#6B7280",
        "area": "San Mateo County",
        "city": "",
        "address": "111 E. 5th Avenue, San Mateo, CA 94401",
        "description": "HIP Housing's Home Sharing Program is a free matching service that connects people who have a spare room or Accessory Dwelling Unit (ADU) with people ...",
        "groups": [
          "everyone"
        ],
        "phone": "650-348-6660",
        "link": "https://hiphousing.org/programs/home-sharing-program/",
        "linkText": "Apply"
      }
    },
    {
      "type": "Feature",
      "geometry": {
        "type": "Point",
        "coordinates": [
          -122.284703,
          37.55622
        ]
      },
      "properties": {
        "id": "cid-housing-modifications",
        "name": "CID Home Modification & Assistive Technology Help",
        "category": "housing",
        "categoryColor": "#6B7280",
        "area": "San Mateo County",
        "city": "",
        "address": "2001 Winward Way, Suite 103, San Mateo, CA 94404",
        "description": "The Center for Independence of Individuals with Disabilities (CID) helps people with disabilities and older adults in San Mateo County plan home acces...",
        "groups": [
          "disability",
          "seniors"
        ],
        "phone": "650-645-1780",
        "link": "https://www.cidsanmateo.org/services/assistive-technology.php",
        "linkText": "Get Help"
      }
    },
    {
      "type": "Feature",
      "geometry": {
        "type": "Point",
        "coordinates": [
          -122.079787,
          37.675509
        ]
      },
      "properties": {
        "id": "echo-housing",
        "name": "ECHO Housing",
        "category": "housing",
        "categoryColor": "#6B7280",
        "area": "Bay Area",
        "city": "",
        "address": "22551 Second Street, Suite 200, Hayward, CA 94541",
        "description": "ECHO Housing (Eden Council for Hope and Opportunity) is a HUD-approved housing counseling agency that investigates housing discrimination complaints a...",
        "groups": [
          "everyone"
        ],
        "phone": "510-581-9380",
        "link": "https://www.echofairhousing.org/fair-housing-services.html",
        "linkText": "Get Help"
      }
    },
    {
      "type": "Feature",
      "geometry": {
        "type": "Point",
        "coordinates": [
          -122.4227932,
          37.7837957
        ]
      },
      "properties": {
        "id": "project-homeless-connect",
        "name": "Project Homeless Connect",
        "category": "housing",
        "categoryColor": "#6B7280",
        "area": "San Francisco",
        "city": "San Francisco",
        "address": "1031 Franklin Street, 2nd Floor, San Francisco, CA 94109",
        "description": "Project Homeless Connect connects San Franciscans experiencing homelessness with the care they need, through its office, mobile services, phone help, ...",
        "groups": [
          "unhoused",
          "income-eligible",
          "everyone"
        ],
        "phone": "855-588-7968",
        "link": "https://www.projecthomelessconnect.org/",
        "linkText": "Get Services"
      }
    },
    {
      "type": "Feature",
      "geometry": {
        "type": "Point",
        "coordinates": [
          -122.397507,
          37.791031
        ]
      },
      "properties": {
        "id": "justice-diversity-center",
        "name": "Justice & Diversity Center (JDC)",
        "category": "legal",
        "categoryColor": "#6366F1",
        "area": "San Francisco",
        "city": "",
        "address": "50 Fremont Street, Suite 1700, San Francisco, CA 94105",
        "description": "The Justice & Diversity Center is the nonprofit arm of the Bar Association of San Francisco, providing free legal services to those who cannot afford ...",
        "groups": [
          "nonprofits",
          "income-eligible"
        ],
        "phone": "415-982-1600",
        "link": "https://www.sfbar.org/jdc/jdc-legal-services-programs/",
        "linkText": "Learn More"
      }
    },
    {
      "type": "Feature",
      "geometry": {
        "type": "Point",
        "coordinates": [
          -122.418309,
          37.778532
        ]
      },
      "properties": {
        "id": "sf-financial-justice-project",
        "name": "SF Economic Justice Center (formerly Financial Justice Project)",
        "category": "legal",
        "categoryColor": "#6366F1",
        "area": "San Francisco",
        "city": "",
        "address": "1 Dr. Carlton B. Goodlett Place, San Francisco, CA 94102",
        "description": "The San Francisco Treasurer's Economic Justice Center (which now houses the Financial Justice Project's work) helps low-income residents and people ex...",
        "groups": [
          "income-eligible",
          "everyone"
        ],
        "phone": "415-701-2311",
        "link": "https://treasurer.sf.gov/economicjustice/financial-recovery/fine-fee-discounts",
        "linkText": "Learn More"
      }
    },
    {
      "type": "Feature",
      "geometry": {
        "type": "Point",
        "coordinates": [
          -122.1328995,
          37.4726443
        ]
      },
      "properties": {
        "id": "clsepa-legal-services",
        "name": "Community Legal Services in East Palo Alto",
        "category": "legal",
        "categoryColor": "#6366F1",
        "area": "San Mateo County",
        "city": "",
        "address": "1861 Bay Road, East Palo Alto, CA 94303",
        "description": "Community Legal Services in East Palo Alto (CLSEPA) provides free legal assistance to low-income families in San Mateo County and surrounding areas.",
        "groups": [
          "immigrants",
          "reentry",
          "income-eligible"
        ],
        "phone": "650-326-6440",
        "link": "https://clsepa.org/",
        "linkText": "Get Help"
      }
    },
    {
      "type": "Feature",
      "geometry": {
        "type": "Point",
        "coordinates": [
          -122.258386,
          37.521383
        ]
      },
      "properties": {
        "id": "legal-aid-smc",
        "name": "Legal Aid Society of San Mateo County",
        "category": "legal",
        "categoryColor": "#6366F1",
        "area": "San Mateo County",
        "city": "",
        "address": "330 Twin Dolphin Drive, Suite 123, Redwood City, CA 94065",
        "description": "The Legal Aid Society of San Mateo County provides free civil legal services to low-income residents, helping protect their rights and improve their l...",
        "groups": [
          "income-eligible"
        ],
        "phone": "650-558-0915",
        "link": "https://www.legalaidsmc.org/getting-help",
        "linkText": "Get Help"
      }
    },
    {
      "type": "Feature",
      "geometry": {
        "type": "Point",
        "coordinates": [
          -121.9539898,
          37.3525215
        ]
      },
      "properties": {
        "id": "project-sentinel-fair-housing",
        "name": "Project Sentinel Fair Housing",
        "category": "legal",
        "categoryColor": "#6366F1",
        "area": "Bay Area",
        "city": "",
        "address": "1490 El Camino Real, Santa Clara, CA 95050",
        "description": "Project Sentinel is a nonprofit housing agency that fights housing discrimination and helps tenants and landlords resolve disputes. In the Bay Area, i...",
        "groups": [
          "everyone"
        ],
        "phone": "888-324-7468",
        "link": "https://www.housing.org/fair-housing",
        "linkText": "Get Help"
      }
    },
    {
      "type": "Feature",
      "geometry": {
        "type": "Point",
        "coordinates": [
          -122.402269,
          37.790782
        ]
      },
      "properties": {
        "id": "legal-aid-at-work",
        "name": "Legal Aid at Work",
        "category": "legal",
        "categoryColor": "#6366F1",
        "area": "Statewide",
        "city": "",
        "address": "180 Montgomery Street, Suite 600, San Francisco, CA 94104",
        "description": "Legal Aid at Work provides free legal services and resources to workers facing employment problems, including discrimination, wage theft, and wrongful...",
        "groups": [
          "everyone",
          "income-eligible"
        ],
        "phone": "415-864-8848",
        "link": "https://legalaidatwork.org/clinics/",
        "linkText": "Get Help"
      }
    },
    {
      "type": "Feature",
      "geometry": {
        "type": "Point",
        "coordinates": [
          -122.223928,
          37.776057
        ]
      },
      "properties": {
        "id": "centro-legal-de-la-raza",
        "name": "Centro Legal de la Raza",
        "category": "legal",
        "categoryColor": "#6366F1",
        "area": "Alameda County",
        "city": "Oakland",
        "address": "3400 E. 12th Street, Oakland, CA 94601",
        "description": "Centro Legal de la Raza provides free bilingual legal services to low-income, immigrant, and communities of color, specializing in immigration, housin...",
        "groups": [
          "immigrants",
          "income-eligible"
        ],
        "phone": "510-437-1554",
        "link": "https://centrolegal.org/get-help/",
        "linkText": "Get Help"
      }
    },
    {
      "type": "Feature",
      "geometry": {
        "type": "Point",
        "coordinates": [
          -122.404233,
          37.796102
        ]
      },
      "properties": {
        "id": "asian-law-caucus",
        "name": "Asian Law Caucus",
        "category": "legal",
        "categoryColor": "#6366F1",
        "area": "Bay Area",
        "city": "",
        "address": "55 Columbus Avenue, San Francisco, CA 94111",
        "description": "Asian Law Caucus provides free legal information, assistance, and referrals for low-income Asian American and Pacific Islander communities, with consu...",
        "groups": [
          "immigrants",
          "income-eligible"
        ],
        "phone": "415-896-1701",
        "link": "https://www.asianlawcaucus.org/get-help",
        "linkText": "Get Help"
      }
    },
    {
      "type": "Feature",
      "geometry": {
        "type": "Point",
        "coordinates": [
          -122.421995,
          37.7653
        ]
      },
      "properties": {
        "id": "la-raza-centro-legal",
        "name": "La Raza Centro Legal",
        "category": "legal",
        "categoryColor": "#6366F1",
        "area": "San Francisco",
        "city": "",
        "address": "474 Valencia Street, Suite 295, San Francisco, CA 94103",
        "description": "La Raza Centro Legal provides free legal services and advocacy to Latino and immigrant communities in San Francisco, specializing in immigration, work...",
        "groups": [
          "immigrants",
          "income-eligible"
        ],
        "phone": "415-575-3500",
        "link": "https://www.lrcl.org/",
        "linkText": "Get Help"
      }
    },
    {
      "type": "Feature",
      "geometry": {
        "type": "Point",
        "coordinates": [
          -122.408405,
          37.78129
        ]
      },
      "properties": {
        "id": "eviction-defense-collaborative",
        "name": "Eviction Defense Collaborative",
        "category": "legal",
        "categoryColor": "#6366F1",
        "area": "San Francisco",
        "city": "",
        "address": "976 Mission Street, San Francisco, CA 94103",
        "description": "The Eviction Defense Collaborative is the lead organization for San Francisco's Tenant Right to Counsel program, providing free legal help, rental ass...",
        "groups": [
          "everyone"
        ],
        "phone": "415-947-0797",
        "link": "https://evictiondefense.org/",
        "linkText": "Get Help"
      }
    },
    {
      "type": "Feature",
      "geometry": {
        "type": "Point",
        "coordinates": [
          -122.418682,
          37.780306
        ]
      },
      "properties": {
        "id": "court-self-help-sf",
        "name": "SF Superior Court Self-Help Center",
        "category": "legal",
        "categoryColor": "#6366F1",
        "area": "San Francisco",
        "city": "",
        "address": "400 McAllister Street, Room 509, San Francisco, CA 94102",
        "description": "The SF Superior Court Self-Help Center provides free legal information and assistance to people representing themselves in court matters.",
        "groups": [
          "everyone"
        ],
        "phone": "415-551-4000",
        "link": "https://sf.courts.ca.gov/access-legal-self-help-center",
        "linkText": "Visit Center"
      }
    },
    {
      "type": "Feature",
      "geometry": {
        "type": "Point",
        "coordinates": [
          -121.89285,
          37.339125
        ]
      },
      "properties": {
        "id": "court-self-help-santa-clara",
        "name": "Santa Clara County Self-Help Center",
        "category": "legal",
        "categoryColor": "#6366F1",
        "area": "Santa Clara County",
        "city": "",
        "address": "201 N. First Street, San Jose, CA 95113",
        "description": "The Santa Clara County Self-Help Center provides free assistance to people representing themselves in court matters.",
        "groups": [
          "everyone"
        ],
        "phone": "408-882-2926",
        "link": "https://santaclara.courts.ca.gov/self-help/self-help-centerflf-office",
        "linkText": "Visit Center"
      }
    },
    {
      "type": "Feature",
      "geometry": {
        "type": "Point",
        "coordinates": [
          -122.423948,
          37.782556
        ]
      },
      "properties": {
        "id": "catholic-charities-immigration",
        "name": "Catholic Charities Immigration Services",
        "category": "legal",
        "categoryColor": "#6366F1",
        "area": "Bay Area",
        "city": "San Francisco",
        "address": "990 Eddy St, San Francisco, CA 94109",
        "description": "Catholic Charities San Francisco's Center for Immigration Legal and Support Services helps immigrants in San Francisco, San Mateo, and Marin counties ...",
        "groups": [
          "immigrants",
          "income-eligible"
        ],
        "phone": "415-972-1200",
        "link": "https://catholiccharitiessf.org/center-for-immigration-legal-and-support-services/",
        "linkText": "Get Help"
      }
    },
    {
      "type": "Feature",
      "geometry": {
        "type": "Point",
        "coordinates": [
          -122.400559,
          37.788532
        ]
      },
      "properties": {
        "id": "iiba-immigration",
        "name": "Immigration Institute of the Bay Area",
        "category": "legal",
        "categoryColor": "#6366F1",
        "area": "Bay Area",
        "city": "San Francisco",
        "address": "58 2nd Street, 3rd Floor, San Francisco, CA 94105",
        "description": "The Immigration Institute of the Bay Area (IIBA) provides free and low-cost immigration legal services, education, and citizenship classes from seven ...",
        "groups": [
          "immigrants",
          "income-eligible"
        ],
        "phone": "415-538-8100",
        "link": "https://iibayarea.org/services/consultations/",
        "linkText": "Get Help"
      }
    },
    {
      "type": "Feature",
      "geometry": {
        "type": "Point",
        "coordinates": [
          -122.2683904,
          37.8558152
        ]
      },
      "properties": {
        "id": "eblc-immigration",
        "name": "East Bay Community Law Center - Immigration",
        "category": "legal",
        "categoryColor": "#6366F1",
        "area": "Alameda County",
        "city": "Berkeley",
        "address": "2921 Adeline St, Berkeley, CA 94703",
        "description": "East Bay Community Law Center provides free immigration legal advice and representation to income-eligible East Bay residents and certain student popu...",
        "groups": [
          "immigrants",
          "income-eligible"
        ],
        "phone": "510-548-4040",
        "link": "https://ebclc.org/get-help/immigration-services/",
        "linkText": "Get Help"
      }
    },
    {
      "type": "Feature",
      "geometry": {
        "type": "Point",
        "coordinates": [
          -122.268346,
          37.8024434
        ]
      },
      "properties": {
        "id": "five-keys",
        "name": "Five Keys Schools and Programs",
        "category": "legal",
        "categoryColor": "#6366F1",
        "area": "Bay Area",
        "city": "",
        "address": "320 13th Street, Oakland, CA 94612",
        "description": "Five Keys is a nonprofit charter school and organization offering free adult education (high school diploma, GED, HiSET) to Californians ages 16 and u...",
        "groups": [
          "reentry",
          "income-eligible",
          "everyone"
        ],
        "phone": "415-734-3310",
        "link": "https://www.fivekeyscharter.org/",
        "linkText": "Enroll"
      }
    },
    {
      "type": "Feature",
      "geometry": {
        "type": "Point",
        "coordinates": [
          -122.4241156,
          37.7716509
        ]
      },
      "properties": {
        "id": "sf-lgbt-center",
        "name": "SF LGBT Center",
        "category": "lgbtq",
        "categoryColor": "#6B7280",
        "area": "San Francisco",
        "city": "San Francisco",
        "address": "1800 Market St, San Francisco, CA 94102",
        "description": "The San Francisco LGBT Center is a cornerstone of the LGBTQ+ community, offering employment services, free financial counseling, small business help, ...",
        "groups": [
          "lgbtq",
          "immigrants",
          "unemployed",
          "everyone"
        ],
        "phone": "415-865-5555",
        "link": "https://www.sfcenter.org/",
        "linkText": "Visit Center"
      }
    },
    {
      "type": "Feature",
      "geometry": {
        "type": "Point",
        "coordinates": [
          -122.2470874,
          37.8092703
        ]
      },
      "properties": {
        "id": "oakland-lgbtq-center",
        "name": "Oakland LGBTQ Community Center",
        "category": "lgbtq",
        "categoryColor": "#6B7280",
        "area": "Alameda County",
        "city": "Oakland",
        "address": "3207 Lakeshore Ave, Oakland, CA 94610",
        "description": "The Oakland LGBTQ Community Center provides a safe and affirming space with support groups, the Glenn Burke Wellness Clinic, senior and youth programs...",
        "groups": [
          "lgbtq",
          "seniors",
          "youth",
          "everyone"
        ],
        "phone": "510-882-2286",
        "link": "https://www.oaklandlgbtqcenter.org/",
        "linkText": "Visit Center"
      }
    },
    {
      "type": "Feature",
      "geometry": {
        "type": "Point",
        "coordinates": [
          -122.2671012,
          37.8702988
        ]
      },
      "properties": {
        "id": "pacific-center",
        "name": "Pacific Center for Human Growth",
        "category": "lgbtq",
        "categoryColor": "#6B7280",
        "area": "Alameda County",
        "city": "Berkeley",
        "address": "2130 Center St, Suite 200, Berkeley, CA 94704",
        "description": "Founded in 1973, the Pacific Center for Human Growth is the oldest LGBTQIA+ center in the Bay Area and runs Alameda County's only sliding-scale mental...",
        "groups": [
          "lgbtq",
          "families",
          "seniors",
          "youth",
          "everyone"
        ],
        "phone": "510-548-8283",
        "link": "https://www.pacificcenter.org/",
        "linkText": "Get Services"
      }
    },
    {
      "type": "Feature",
      "geometry": {
        "type": "Point",
        "coordinates": [
          -122.031528,
          37.97892
        ]
      },
      "properties": {
        "id": "rainbow-community-center",
        "name": "Rainbow Community Center",
        "category": "lgbtq",
        "categoryColor": "#6B7280",
        "area": "Contra Costa County",
        "city": "Concord",
        "address": "2380 Salvio Street, Suite 301, Concord, CA 94520",
        "description": "Rainbow Community Center serves LGBTQ+ individuals and families in Contra Costa County with mental health therapy, HIV and STI support, youth and seni...",
        "groups": [
          "lgbtq",
          "seniors",
          "youth",
          "everyone"
        ],
        "phone": "925-692-0090",
        "link": "https://rainbowcc.org/",
        "linkText": "Get Help"
      }
    },
    {
      "type": "Feature",
      "geometry": {
        "type": "Point",
        "coordinates": [
          -121.9080075,
          37.3313299
        ]
      },
      "properties": {
        "id": "billy-defrank-center",
        "name": "Billy DeFrank LGBTQ+ Community Center",
        "category": "lgbtq",
        "categoryColor": "#6B7280",
        "area": "Santa Clara County",
        "city": "San Jose",
        "address": "938 The Alameda, San Jose, CA 95126",
        "description": "The Billy DeFrank LGBTQ+ Community Center in San Jose offers HIV and hepatitis C testing, a large LGBTQ+ library, discussion groups, and social events...",
        "groups": [
          "lgbtq",
          "seniors",
          "everyone"
        ],
        "phone": "408-293-3040",
        "link": "https://www.defrankcenter.org/",
        "linkText": "Visit Center"
      }
    },
    {
      "type": "Feature",
      "geometry": {
        "type": "Point",
        "coordinates": [
          -122.2882034,
          38.3098108
        ]
      },
      "properties": {
        "id": "lgbtq-connection-napa",
        "name": "LGBTQ Connection",
        "category": "lgbtq",
        "categoryColor": "#6B7280",
        "area": "Napa County",
        "city": "Napa",
        "address": "780 Lincoln Ave, Napa, CA 94558",
        "description": "LGBTQ Connection, a program of On The Move, supports LGBTQ+ youth, older adults, and families in Napa and Sonoma counties with free counseling, social...",
        "groups": [
          "lgbtq",
          "youth",
          "everyone"
        ],
        "phone": "707-251-9432",
        "link": "https://www.lgbtqconnection.org/",
        "linkText": "Get Connected"
      }
    },
    {
      "type": "Feature",
      "geometry": {
        "type": "Point",
        "coordinates": [
          -122.432127,
          37.764604
        ]
      },
      "properties": {
        "id": "queer-lifespace",
        "name": "Queer LifeSpace",
        "category": "lgbtq",
        "categoryColor": "#6B7280",
        "area": "San Francisco",
        "city": "San Francisco",
        "address": "2275 Market St",
        "description": "Queer LifeSpace provides low-cost, sliding-scale individual, couples, and group therapy for the LGBTQIA+ community, in person in San Francisco or by Z...",
        "groups": [
          "lgbtq",
          "income-eligible",
          "everyone"
        ],
        "phone": "415-358-2000",
        "link": "https://www.queerlifespace.org/",
        "linkText": "Get Therapy"
      }
    },
    {
      "type": "Feature",
      "geometry": {
        "type": "Point",
        "coordinates": [
          -122.4358628,
          37.7603772
        ]
      },
      "properties": {
        "id": "lyric-youth",
        "name": "LYRIC (Lavender Youth Recreation & Information Center)",
        "category": "lgbtq",
        "categoryColor": "#6B7280",
        "area": "San Francisco",
        "city": "San Francisco",
        "address": "127 Collingwood St, San Francisco, CA 94114",
        "description": "LYRIC provides case management, health and PrEP navigation, housing navigation, workforce and leadership programs, and community groups for LGBTQQ+ yo...",
        "groups": [
          "lgbtq",
          "youth",
          "income-eligible"
        ],
        "phone": "415-703-6150",
        "link": "https://lyric.org/",
        "linkText": "Get Help"
      }
    },
    {
      "type": "Feature",
      "geometry": {
        "type": "Point",
        "coordinates": [
          -122.228933,
          37.453728
        ]
      },
      "properties": {
        "id": "outlet-peninsula",
        "name": "Outlet",
        "category": "lgbtq",
        "categoryColor": "#6B7280",
        "area": "San Mateo County",
        "city": "",
        "address": "1779 Woodside Road, Suite 200, Redwood City, CA 94061",
        "description": "Outlet, a program of Adolescent Counseling Services in Redwood City, offers LGBTQIA+ affirming counseling, free peer support groups, and school and co...",
        "groups": [
          "lgbtq",
          "youth",
          "families"
        ],
        "phone": "650-424-0852",
        "link": "https://www.acs-teens.org/our-services/outlet/",
        "linkText": "Find Location"
      }
    },
    {
      "type": "Feature",
      "geometry": {
        "type": "Point",
        "coordinates": [
          -122.4194107,
          37.7837324
        ]
      },
      "properties": {
        "id": "api-wellness-transthrive",
        "name": "San Francisco Community Health Center / Trans:Thrive (formerly API Wellness)",
        "category": "lgbtq",
        "categoryColor": "#6B7280",
        "area": "San Francisco",
        "city": "San Francisco",
        "address": "730 Polk St, 4th Floor, San Francisco, CA 94109",
        "description": "San Francisco Community Health Center (formerly API Wellness) is a federally qualified health center offering primary care, HIV testing and care, beha...",
        "groups": [
          "lgbtq",
          "income-eligible",
          "everyone"
        ],
        "phone": "415-292-3400",
        "link": "https://www.sfcommunityhealth.org/",
        "linkText": "Get Care"
      }
    },
    {
      "type": "Feature",
      "geometry": {
        "type": "Point",
        "coordinates": [
          -122.4253678,
          37.7712334
        ]
      },
      "properties": {
        "id": "openhouse-sf",
        "name": "Openhouse",
        "category": "lgbtq",
        "categoryColor": "#6B7280",
        "area": "San Francisco",
        "city": "San Francisco",
        "address": "65 Laguna St, San Francisco, CA 94102",
        "description": "Openhouse provides affordable housing navigation, community programs, an adult day program, and LGBTQ+-affirming senior housing for LGBTQ+ older adult...",
        "groups": [
          "lgbtq",
          "seniors",
          "income-eligible"
        ],
        "phone": "415-296-8995",
        "link": "https://www.openhousesf.org/",
        "linkText": "Get Services"
      }
    },
    {
      "type": "Feature",
      "geometry": {
        "type": "Point",
        "coordinates": [
          -122.435027,
          37.760379
        ]
      },
      "properties": {
        "id": "lgbt-asylum-project",
        "name": "The LGBT Asylum Project",
        "category": "lgbtq",
        "categoryColor": "#6B7280",
        "area": "Bay Area",
        "city": "",
        "address": "526 Castro Street, San Francisco, CA 94114",
        "description": "The LGBT Asylum Project (Center for Immigrant Protection) is a San Francisco nonprofit dedicated to providing accessible legal representation for LGBT...",
        "groups": [
          "lgbtq",
          "immigrants",
          "income-eligible"
        ],
        "phone": "",
        "link": "https://www.lgbtasylumproject.org/get-help.html",
        "linkText": "Get Legal Help"
      }
    },
    {
      "type": "Feature",
      "geometry": {
        "type": "Point",
        "coordinates": [
          -122.4152584,
          37.7828731
        ]
      },
      "properties": {
        "id": "tgi-justice-project",
        "name": "TGI Justice Project",
        "category": "lgbtq",
        "categoryColor": "#6B7280",
        "area": "Bay Area",
        "city": "",
        "address": "370 Turk St, San Francisco, CA 94102",
        "description": "TGI Justice Project supports transgender, gender-variant, and intersex people inside and outside of prisons, jails, and other locked facilities, with ...",
        "groups": [
          "lgbtq",
          "reentry",
          "income-eligible"
        ],
        "phone": "415-554-8491",
        "link": "https://tgijp.org/",
        "linkText": "Get Support"
      }
    },
    {
      "type": "Feature",
      "geometry": {
        "type": "Point",
        "coordinates": [
          -122.418356,
          37.76519
        ]
      },
      "properties": {
        "id": "el-la-para-translatinas",
        "name": "El/La Para TransLatinas",
        "category": "lgbtq",
        "categoryColor": "#6B7280",
        "area": "San Francisco",
        "city": "San Francisco",
        "address": "2940 16th St, Suite 319, San Francisco, CA 94103",
        "description": "El/La Para TransLatinas provides peer advocacy, case management, HIV prevention, violence prevention, and emergency support for trans, intersex, and g...",
        "groups": [
          "lgbtq",
          "immigrants",
          "income-eligible"
        ],
        "phone": "415-864-7278",
        "link": "https://www.ellasf.org/",
        "linkText": "Get Support"
      }
    },
    {
      "type": "Feature",
      "geometry": {
        "type": "Point",
        "coordinates": [
          -122.2709969,
          37.856374
        ]
      },
      "properties": {
        "id": "lib-001",
        "name": "Berkeley Tool Lending Library",
        "category": "library-resources",
        "categoryColor": "#8B5CF6",
        "area": "Alameda County",
        "city": "",
        "address": "1901 Russell Street, Berkeley, CA 94703",
        "description": "The Berkeley Public Library operates the only tool lending library in Northern California, allowing library cardholders to borrow tools for free.",
        "groups": [
          "everyone"
        ],
        "phone": "510-981-6101",
        "link": "https://www.berkeleypubliclibrary.org/locations/tool-lending-library",
        "linkText": "Visit Program"
      }
    },
    {
      "type": "Feature",
      "geometry": {
        "type": "Point",
        "coordinates": [
          -122.310121,
          37.9869568
        ]
      },
      "properties": {
        "id": "bebhs-spay-bay",
        "name": "Berkeley-East Bay Humane Society - Spay the Bay",
        "category": "pet-resources",
        "categoryColor": "#EC4899",
        "area": "Contra Costa County",
        "city": "",
        "address": "1380 Fitzgerald Drive, Pinole, CA 94564",
        "description": "Berkeley Humane's Spay the Bay program provides low-cost spay/neuter surgery and vaccine clinics for Bay Area dog and cat guardians who are struggling...",
        "groups": [
          "income-eligible",
          "everyone"
        ],
        "phone": "510-845-7735",
        "link": "https://berkeleyhumane.org/spay-the-bay/",
        "linkText": "Schedule"
      }
    },
    {
      "type": "Feature",
      "geometry": {
        "type": "Point",
        "coordinates": [
          -121.8862646,
          37.4282086
        ]
      },
      "properties": {
        "id": "hssv-pet-pantry",
        "name": "HSSV Pet Pantry",
        "category": "pet-resources",
        "categoryColor": "#EC4899",
        "area": "Santa Clara County",
        "city": "",
        "address": "1116 Wrigley Way, Milpitas, CA 95035",
        "description": "The Humane Society Silicon Valley's Pet Pantry program helps families keep their pets by providing free pet food during times of financial hardship.",
        "groups": [
          "income-eligible"
        ],
        "phone": "408-262-2133",
        "link": "https://www.hssv.org/pet-pantry/",
        "linkText": "Learn More"
      }
    },
    {
      "type": "Feature",
      "geometry": {
        "type": "Point",
        "coordinates": [
          -122.0206915,
          37.9330006
        ]
      },
      "properties": {
        "id": "joybound-vet-care",
        "name": "Joybound People & Pets - Community Veterinary Care",
        "category": "pet-resources",
        "categoryColor": "#EC4899",
        "area": "Contra Costa County",
        "city": "",
        "address": "2890 Mitchell Drive, Walnut Creek, CA 94598",
        "description": "Joybound People & Pets (formerly Tony La Russa's ARF) Community Veterinary Care provides low-cost, non-urgent veterinary care at its Walnut Creek clin...",
        "groups": [
          "income-eligible"
        ],
        "phone": "925-256-1273",
        "link": "https://joybound.org/services/get-help/",
        "linkText": "Contact"
      }
    },
    {
      "type": "Feature",
      "geometry": {
        "type": "Point",
        "coordinates": [
          -122.0206915,
          37.9330006
        ]
      },
      "properties": {
        "id": "joybound-pet-food",
        "name": "Joybound People & Pets - Free Pet Food",
        "category": "pet-resources",
        "categoryColor": "#EC4899",
        "area": "Contra Costa County",
        "city": "",
        "address": "2890 Mitchell Drive, Walnut Creek, CA 94598",
        "description": "Joybound's FoodShare pantry helps Contra Costa County families keep their pets by providing free pet food at pantry events.",
        "groups": [
          "income-eligible"
        ],
        "phone": "925-256-1273",
        "link": "https://joybound.org/services/get-help/",
        "linkText": "Contact"
      }
    },
    {
      "type": "Feature",
      "geometry": {
        "type": "Point",
        "coordinates": [
          -122.0206915,
          37.9330006
        ]
      },
      "properties": {
        "id": "joybound-pet-safety-net",
        "name": "Joybound People & Pets - Pet Safety Net",
        "category": "pet-resources",
        "categoryColor": "#EC4899",
        "area": "Contra Costa County",
        "city": "",
        "address": "2890 Mitchell Drive, Walnut Creek, CA 94598",
        "description": "Joybound's Pet Safety Net helps qualifying Contra Costa County residents with critical resources to keep their pets at home and out of shelters.",
        "groups": [
          "income-eligible"
        ],
        "phone": "925-256-1273",
        "link": "https://joybound.org/services/get-help/",
        "linkText": "Get Help"
      }
    },
    {
      "type": "Feature",
      "geometry": {
        "type": "Point",
        "coordinates": [
          -122.0206915,
          37.9330006
        ]
      },
      "properties": {
        "id": "joybound-spay-neuter",
        "name": "Joybound People & Pets - Spay/Neuter Clinic",
        "category": "pet-resources",
        "categoryColor": "#EC4899",
        "area": "Contra Costa County",
        "city": "",
        "address": "2890 Mitchell Drive, Walnut Creek, CA 94598",
        "description": "Joybound's spay and neuter clinic in Walnut Creek, plus its mobile clinic, offers low-cost spay and neuter surgery for community dogs and cats of Cont...",
        "groups": [
          "income-eligible",
          "everyone"
        ],
        "phone": "925-296-3125",
        "link": "https://joybound.org/services/spay-and-neuter/",
        "linkText": "Schedule"
      }
    },
    {
      "type": "Feature",
      "geometry": {
        "type": "Point",
        "coordinates": [
          -122.5367087,
          38.0682551
        ]
      },
      "properties": {
        "id": "marin-humane-pet-care",
        "name": "Marin Humane - Pet Safety Net",
        "category": "pet-resources",
        "categoryColor": "#EC4899",
        "area": "Marin County",
        "city": "",
        "address": "171 Bel Marin Keys Blvd, Novato, CA 94949",
        "description": "Marin Humane's Pet Safety Net helps low-income Marin County residents pay for veterinary care, vaccinations, food, and other services so they can keep...",
        "groups": [
          "income-eligible"
        ],
        "phone": "415-883-4621",
        "link": "https://marinhumane.org/get-help/safetynet/",
        "linkText": "Learn More"
      }
    },
    {
      "type": "Feature",
      "geometry": {
        "type": "Point",
        "coordinates": [
          -122.4109618,
          37.7597593
        ]
      },
      "properties": {
        "id": "muttville-cuddle-club",
        "name": "Muttville Senior Dog Rescue - Cuddle Club",
        "category": "pet-resources",
        "categoryColor": "#EC4899",
        "area": "San Francisco",
        "city": "",
        "address": "750 Florida Street, San Francisco, CA 94110",
        "description": "Muttville's Cuddle Club brings the joy of dogs to adults 62+ through events where they can spend time with senior dogs—no adoption required.",
        "groups": [
          "seniors"
        ],
        "phone": "415-272-4172",
        "link": "https://muttville.org/seniors_for_seniors#cuddle",
        "linkText": "Find Event"
      }
    },
    {
      "type": "Feature",
      "geometry": {
        "type": "Point",
        "coordinates": [
          -122.4109618,
          37.7597593
        ]
      },
      "properties": {
        "id": "muttville-seniors-for-seniors",
        "name": "Muttville Senior Dog Rescue - Seniors for Seniors",
        "category": "pet-resources",
        "categoryColor": "#EC4899",
        "area": "San Francisco",
        "city": "",
        "address": "750 Florida Street, San Francisco, CA 94110",
        "description": "Muttville's Seniors for Seniors program waives the adoption fee on senior dogs for adopters 62 and older, helping both seniors and dogs find companion...",
        "groups": [
          "seniors"
        ],
        "phone": "415-272-4172",
        "link": "https://muttville.org/seniors_for_seniors",
        "linkText": "Adopt"
      }
    },
    {
      "type": "Feature",
      "geometry": {
        "type": "Point",
        "coordinates": [
          -122.328231,
          37.5859249
        ]
      },
      "properties": {
        "id": "phs-mobile-spay-neuter",
        "name": "Peninsula Humane Society & SPCA - Low-Cost Spay/Neuter Clinic",
        "category": "pet-resources",
        "categoryColor": "#EC4899",
        "area": "San Mateo County",
        "city": "",
        "address": "12 Airport Blvd, San Mateo, CA 94401",
        "description": "Peninsula Humane Society & SPCA's clinic at its Coyote Point shelter in San Mateo provides low-cost spay and neuter surgery for members of the public,...",
        "groups": [
          "income-eligible",
          "everyone"
        ],
        "phone": "650-340-7015",
        "link": "https://phs-spca.org/spayneuter/",
        "linkText": "Schedule"
      }
    },
    {
      "type": "Feature",
      "geometry": {
        "type": "Point",
        "coordinates": [
          -122.328231,
          37.5859249
        ]
      },
      "properties": {
        "id": "phs-vaccine-clinics",
        "name": "Peninsula Humane Society SPCA Low-Cost Vaccine Clinics",
        "category": "pet-resources",
        "categoryColor": "#EC4899",
        "area": "San Mateo County",
        "city": "",
        "address": "12 Airport Blvd, San Mateo, CA 94401",
        "description": "Peninsula Humane Society & SPCA holds low-cost vaccination and microchip clinics for dogs and cats at its Coyote Point shelter in San Mateo.",
        "groups": [
          "everyone"
        ],
        "phone": "650-340-7022",
        "link": "https://phs-spca.org/vaccination-clinics/",
        "linkText": "Schedule"
      }
    },
    {
      "type": "Feature",
      "geometry": {
        "type": "Point",
        "coordinates": [
          -122.198975,
          37.481134
        ]
      },
      "properties": {
        "id": "pets-in-need",
        "name": "Pets in Need - Low-Cost Vet Services",
        "category": "pet-resources",
        "categoryColor": "#EC4899",
        "area": "San Mateo County",
        "city": "",
        "address": "871 5th Avenue, Redwood City, CA 94063",
        "description": "Pets in Need runs a Community Veterinary Clinic in Redwood City for affordable wellness care, plus a low-cost vaccine clinic and spay/neuter clinic at...",
        "groups": [
          "income-eligible",
          "everyone"
        ],
        "phone": "650-367-1405",
        "link": "https://petsinneed.org/communityclinic/",
        "linkText": "Schedule"
      }
    },
    {
      "type": "Feature",
      "geometry": {
        "type": "Point",
        "coordinates": [
          -122.4337866,
          37.7258609
        ]
      },
      "properties": {
        "id": "sf-spca-community-clinic",
        "name": "San Francisco SPCA - Community Clinic",
        "category": "pet-resources",
        "categoryColor": "#EC4899",
        "area": "San Francisco",
        "city": "",
        "address": "4527 Mission Street, San Francisco, CA 94112",
        "description": "The SF SPCA's Community Veterinary Clinic in the Excelsior neighborhood provides affordable preventative care, including vaccines, parasite protection...",
        "groups": [
          "income-eligible",
          "everyone"
        ],
        "phone": "415-554-3084",
        "link": "https://www.sfspca.org/veterinary-care/community-clinic/",
        "linkText": "Schedule"
      }
    },
    {
      "type": "Feature",
      "geometry": {
        "type": "Point",
        "coordinates": [
          -122.4124314,
          37.7672325
        ]
      },
      "properties": {
        "id": "sf-spca-spay-neuter",
        "name": "San Francisco SPCA - Spay/Neuter",
        "category": "pet-resources",
        "categoryColor": "#EC4899",
        "area": "San Francisco",
        "city": "",
        "address": "201 Alabama Street, San Francisco, CA 94103",
        "description": "The SF SPCA's Spay/Neuter Clinic at its Mission Campus offers affordable spay and neuter surgery for cats and dogs, with financial assistance availabl...",
        "groups": [
          "everyone"
        ],
        "phone": "415-554-3084",
        "link": "https://www.sfspca.org/veterinary-care/spay-neuter-clinic/",
        "linkText": "Learn More"
      }
    },
    {
      "type": "Feature",
      "geometry": {
        "type": "Point",
        "coordinates": [
          -122.3028775,
          37.7727402
        ]
      },
      "properties": {
        "id": "imls-aircraft-carrier-hornet-foundation",
        "name": "Aircraft Carrier Hornet Foundation",
        "category": "recreation",
        "categoryColor": "#14B8A6",
        "area": "Bay Area",
        "city": "Alameda",
        "address": "707 W Hornet Ave, Alameda, CA 94501",
        "description": "Museum dedicated to preserving and presenting local and regional history.",
        "groups": [
          "everyone"
        ],
        "phone": "(510) 521-8448",
        "link": "https://uss-hornet.org/",
        "linkText": "Learn More"
      }
    },
    {
      "type": "Feature",
      "geometry": {
        "type": "Point",
        "coordinates": [
          -122.3170132127729,
          37.88940496050942
        ]
      },
      "properties": {
        "id": "ca-sp-albany-smr",
        "name": "Albany SMR",
        "category": "recreation",
        "categoryColor": "#14B8A6",
        "area": "Alameda County",
        "city": "Albany",
        "address": "Buchanan St, Albany, CA, 94710",
        "description": "Albany State Marine Reserve is an urban shoreline park at the northern end of McLaughlin Eastshore State Park that protects marine habitat in the east...",
        "groups": [
          "everyone"
        ],
        "phone": "",
        "link": "https://www.parks.ca.gov/?page_id=22880",
        "linkText": "Visit Website"
      }
    },
    {
      "type": "Feature",
      "geometry": {
        "type": "Point",
        "coordinates": [
          -122.4230206,
          37.82676234
        ]
      },
      "properties": {
        "id": "nps-alca",
        "name": "Alcatraz Island",
        "category": "recreation",
        "categoryColor": "#14B8A6",
        "area": "San Francisco",
        "city": "San Francisco Bay",
        "address": "Alcatraz Island, San Francisco Bay, CA, 94133",
        "description": "Alcatraz Island, home to the infamous former federal penitentiary. Take a ferry to explore the cellhouse, gardens, and learn about the island's rich h...",
        "groups": [
          "everyone"
        ],
        "phone": "",
        "link": "https://www.nps.gov/alca/index.htm",
        "linkText": "Visit Website"
      }
    },
    {
      "type": "Feature",
      "geometry": {
        "type": "Point",
        "coordinates": [
          -122.4660927,
          37.7698266
        ]
      },
      "properties": {
        "id": "imls-alexander-f-morrison-planetarium",
        "name": "Alexander F. Morrison Planetarium",
        "category": "recreation",
        "categoryColor": "#14B8A6",
        "area": "Bay Area",
        "city": "San Francisco",
        "address": "55 Music Concourse Drive, San Francisco, CA 94102",
        "description": "Part of California Academy of Sciences, Morrison Planetarium is the largest all-digital dome in the world featuring stunning visualizations of the cos...",
        "groups": [
          "everyone"
        ],
        "phone": "(415) 750-7127",
        "link": "https://www.calacademy.org/exhibits/morrison-planetarium",
        "linkText": "Learn More"
      }
    },
    {
      "type": "Feature",
      "geometry": {
        "type": "Point",
        "coordinates": [
          -122.4024901,
          37.7810891
        ]
      },
      "properties": {
        "id": "imls-american-bookbinders-museum",
        "name": "American Bookbinders Museum",
        "category": "recreation",
        "categoryColor": "#14B8A6",
        "area": "Bay Area",
        "city": "San Francisco",
        "address": "355 Clementina St, San Francisco, CA 94102",
        "description": "The only museum of its kind in North America, showcasing the artistry, history, and craft of bookbinding from the 1600s to present.",
        "groups": [
          "everyone"
        ],
        "phone": "(415) 824-9754",
        "link": "https://bookbindersmuseum.org/",
        "linkText": "Learn More"
      }
    },
    {
      "type": "Feature",
      "geometry": {
        "type": "Point",
        "coordinates": [
          -122.200611,
          37.421819
        ]
      },
      "properties": {
        "id": "imls-anderson-art-collection",
        "name": "Anderson Art Collection",
        "category": "recreation",
        "categoryColor": "#14B8A6",
        "area": "Bay Area",
        "city": "Menlo Park",
        "address": "2440 Sand Hill Rd, Menlo Park, CA 94025",
        "description": "Private collection of 20th century American art available through tours and loans to museums worldwide.",
        "groups": [
          "everyone"
        ],
        "phone": "(650) 854-5160",
        "link": "https://www.aacollection.com/",
        "linkText": "Learn More"
      }
    },
    {
      "type": "Feature",
      "geometry": {
        "type": "Point",
        "coordinates": [
          -122.4561638717421,
          37.87286113242551
        ]
      },
      "properties": {
        "id": "ca-sp-angel-island-sp",
        "name": "Angel Island SP",
        "category": "recreation",
        "categoryColor": "#14B8A6",
        "area": "Marin County",
        "city": "Belvedere-Tiburon",
        "address": "21 Main St, Belvedere-Tiburon, CA, 94920",
        "description": "Angel Island State Park is an island park in San Francisco Bay reached by ferry or private boat, with hiking and biking trails, bay views, camping, an...",
        "groups": [
          "everyone"
        ],
        "phone": "",
        "link": "https://www.parks.ca.gov/?page_id=468",
        "linkText": "Visit Website"
      }
    },
    {
      "type": "Feature",
      "geometry": {
        "type": "Point",
        "coordinates": [
          -122.3084691250016,
          37.12403889758433
        ]
      },
      "properties": {
        "id": "ca-sp-ano-nuevo-sp",
        "name": "Ano Nuevo SP",
        "category": "recreation",
        "categoryColor": "#14B8A6",
        "area": "San Mateo County",
        "city": "Pescadero",
        "address": "1 New Years Creek Road & Hwy 1, Pescadero, CA, 94060",
        "description": "Año Nuevo State Park on the San Mateo coast is home to one of the world's largest mainland breeding colonies of northern elephant seals, with a Marine...",
        "groups": [
          "everyone"
        ],
        "phone": "",
        "link": "https://www.parks.ca.gov/?page_id=523",
        "linkText": "Visit Website"
      }
    },
    {
      "type": "Feature",
      "geometry": {
        "type": "Point",
        "coordinates": [
          -121.79374,
          38.014982
        ]
      },
      "properties": {
        "id": "recgov-antioch-dunes-national-wildlife-refuge",
        "name": "Antioch Dunes National Wildlife Refuge",
        "category": "recreation",
        "categoryColor": "#14B8A6",
        "area": "Solano County",
        "city": "",
        "address": "",
        "description": "Antioch Dunes National Wildlife Refuge is the only national wildlife refuge in the country established to protect endangered plants and insects – the ...",
        "groups": [
          "everyone"
        ],
        "phone": "510-521-9624",
        "link": "https://www.recreation.gov/search?q=Antioch%20Dunes%20National%20Wildlife%20Refuge",
        "linkText": "Visit Recreation.gov"
      }
    },
    {
      "type": "Feature",
      "geometry": {
        "type": "Point",
        "coordinates": [
          -122.4104,
          37.80032
        ]
      },
      "properties": {
        "id": "aquarium-of-bay",
        "name": "Aquarium of the Bay",
        "category": "recreation",
        "categoryColor": "#14B8A6",
        "area": "San Francisco",
        "city": "San Francisco",
        "address": "PIER 39, The Embarcadero & Beach Street, San Francisco, CA 94133",
        "description": "Aquarium of the Bay is a nonprofit aquarium located on Pier 39 in San Francisco, dedicated to protecting, restoring, and inspiring conservation of San...",
        "groups": [
          "income-eligible",
          "veterans",
          "families",
          "everyone"
        ],
        "phone": "415-623-5300",
        "link": "https://www.aquariumofthebay.org",
        "linkText": "Get Tickets"
      }
    },
    {
      "type": "Feature",
      "geometry": {
        "type": "Point",
        "coordinates": [
          -123.0030133925781,
          38.53200496050503
        ]
      },
      "properties": {
        "id": "ca-sp-armstrong-redwoods-snr",
        "name": "Armstrong Redwoods SNR",
        "category": "recreation",
        "categoryColor": "#14B8A6",
        "area": "Sonoma County",
        "city": "Guerneville",
        "address": "17150 Armstrong Woods Road, Guerneville, CA, 95446",
        "description": "Armstrong Redwoods State Natural Reserve near Guerneville protects a grove of old-growth coast redwoods, including the 310-foot Parson Jones Tree and ...",
        "groups": [
          "everyone"
        ],
        "phone": "",
        "link": "https://www.parks.ca.gov/?page_id=450",
        "linkText": "Visit Website"
      }
    },
    {
      "type": "Feature",
      "geometry": {
        "type": "Point",
        "coordinates": [
          -122.53123,
          37.973393
        ]
      },
      "properties": {
        "id": "imls-art-works-downtown",
        "name": "Art Works Downtown",
        "category": "recreation",
        "categoryColor": "#14B8A6",
        "area": "Bay Area",
        "city": "San Rafael",
        "address": "1337 4th St, San Rafael, CA 94901",
        "description": "Nonprofit art center featuring 4 galleries, 27 art studios, and rotating exhibits by Bay Area artists.",
        "groups": [
          "everyone"
        ],
        "phone": "(415) 451-8119",
        "link": "https://www.artworksdowntown.org/",
        "linkText": "Learn More"
      }
    },
    {
      "type": "Feature",
      "geometry": {
        "type": "Point",
        "coordinates": [
          -122.136873,
          38.045134
        ]
      },
      "properties": {
        "id": "imls-arts-benicia",
        "name": "Arts Benicia",
        "category": "recreation",
        "categoryColor": "#14B8A6",
        "area": "Bay Area",
        "city": "Benicia",
        "address": "991 Tyler Street #114, Benicia, CA 94510",
        "description": "Community-based visual arts center providing classes, exhibitions, and networking for artists.",
        "groups": [
          "everyone"
        ],
        "phone": "(707) 747-0131",
        "link": "https://artsbenicia.org/",
        "linkText": "Learn More"
      }
    },
    {
      "type": "Feature",
      "geometry": {
        "type": "Point",
        "coordinates": [
          -122.4159878,
          37.7802982
        ]
      },
      "properties": {
        "id": "asian-art-museum",
        "name": "Asian Art Museum",
        "category": "recreation",
        "categoryColor": "#14B8A6",
        "area": "San Francisco",
        "city": "San Francisco",
        "address": "200 Larkin Street, San Francisco, CA 94102",
        "description": "The Asian Art Museum of San Francisco houses one of the world's most comprehensive collections of Asian art, spanning 6,000 years of history with over...",
        "groups": [
          "income-eligible",
          "college-students",
          "seniors",
          "families",
          "disability",
          "everyone"
        ],
        "phone": "415-581-3500",
        "link": "https://about.asianart.org/ticketing/free-and-reduced-museum-admission/",
        "linkText": "Plan Visit"
      }
    },
    {
      "type": "Feature",
      "geometry": {
        "type": "Point",
        "coordinates": [
          -123.0110133977313,
          38.5656049615644
        ]
      },
      "properties": {
        "id": "ca-sp-austin-creek-sra",
        "name": "Austin Creek SRA",
        "category": "recreation",
        "categoryColor": "#14B8A6",
        "area": "Sonoma County",
        "city": "Guerneville",
        "address": "17000 Armstrong Woods Road, Guerneville, CA, 95446",
        "description": "Austin Creek State Recreation Area near Guerneville offers about 6,000 acres of rugged hills, meadows, and woodlands with 20 miles of trails, and pres...",
        "groups": [
          "everyone"
        ],
        "phone": "",
        "link": "https://www.parks.ca.gov/?page_id=452",
        "linkText": "Visit Website"
      }
    },
    {
      "type": "Feature",
      "geometry": {
        "type": "Point",
        "coordinates": [
          -122.5110133195477,
          38.54000499865661
        ]
      },
      "properties": {
        "id": "ca-sp-bale-grist-mill-shp",
        "name": "Bale Grist Mill SHP",
        "category": "recreation",
        "categoryColor": "#14B8A6",
        "area": "Napa County",
        "city": "St. Helena",
        "address": "3369 North St.Helena Highway, St. Helena, CA, 94574",
        "description": "Bale Grist Mill State Historic Park north of St. Helena preserves a historic water-powered grist mill, with milling demonstrations and tours on weeken...",
        "groups": [
          "everyone"
        ],
        "phone": "",
        "link": "https://www.parks.ca.gov/?page_id=482",
        "linkText": "Visit Website"
      }
    },
    {
      "type": "Feature",
      "geometry": {
        "type": "Point",
        "coordinates": [
          -122.478956,
          37.83784
        ]
      },
      "properties": {
        "id": "bay-area-discovery-museum",
        "name": "Bay Area Discovery Museum",
        "category": "recreation",
        "categoryColor": "#14B8A6",
        "area": "Marin County",
        "city": "Sausalito",
        "address": "557 McReynolds Road, Sausalito, CA 94965",
        "description": "The Bay Area Discovery Museum is a hands-on children's museum nestled at the foot of the Golden Gate Bridge in Sausalito, featuring indoor and outdoor...",
        "groups": [
          "caregivers",
          "disability",
          "income-eligible",
          "families",
          "youth",
          "everyone"
        ],
        "phone": "415-339-3900",
        "link": "https://bayareadiscoverymuseum.org/visit/",
        "linkText": "Plan Visit"
      }
    },
    {
      "type": "Feature",
      "geometry": {
        "type": "Point",
        "coordinates": [
          -122.4948555,
          37.8635594
        ]
      },
      "properties": {
        "id": "imls-u-s-army-corps-of-engineers-bay-model-visitor-cent",
        "name": "Bay Model Visitor Center",
        "category": "recreation",
        "categoryColor": "#14B8A6",
        "area": "Bay Area",
        "city": "Sausalito",
        "address": "2100 Bridgeway, Sausalito, CA 94965",
        "description": "Free federal visitor center featuring a 1.5-acre hydraulic model of San Francisco Bay and Sacramento-San Joaquin Delta.",
        "groups": [
          "everyone"
        ],
        "phone": "",
        "link": "https://www.spn.usace.army.mil/Missions/Recreation/Bay-Model-Visitor-Center/",
        "linkText": "Learn More"
      }
    },
    {
      "type": "Feature",
      "geometry": {
        "type": "Point",
        "coordinates": [
          -122.4088521515531,
          37.22574989846692
        ]
      },
      "properties": {
        "id": "ca-sp-bean-hollow-sb",
        "name": "Bean Hollow SB",
        "category": "recreation",
        "categoryColor": "#14B8A6",
        "area": "San Mateo County",
        "city": "Pescadero",
        "address": "Bean Hollow Rd, Pescadero, CA, 94060",
        "description": "Bean Hollow State Beach covers a one-mile stretch of San Mateo Coast shoreline south of Pescadero, with two parking lots at Pebble Beach and Bean Holl...",
        "groups": [
          "everyone"
        ],
        "phone": "",
        "link": "https://www.parks.ca.gov/?page_id=527",
        "linkText": "Visit Website"
      }
    },
    {
      "type": "Feature",
      "geometry": {
        "type": "Point",
        "coordinates": [
          -122.158862867541,
          38.0501244253629
        ]
      },
      "properties": {
        "id": "ca-sp-benicia-capitol-shp",
        "name": "Benicia Capitol SHP",
        "category": "recreation",
        "categoryColor": "#14B8A6",
        "area": "Solano County",
        "city": "Benicia",
        "address": "115 West G Street, Benicia, CA, 94510",
        "description": "Benicia Capitol State Historic Park preserves the building that served as California's third seat of government (1853-1854), the only pre-Sacramento c...",
        "groups": [
          "everyone"
        ],
        "phone": "",
        "link": "https://www.parks.ca.gov/?page_id=475",
        "linkText": "Visit Website"
      }
    },
    {
      "type": "Feature",
      "geometry": {
        "type": "Point",
        "coordinates": [
          -122.1932732171815,
          38.07809498427198
        ]
      },
      "properties": {
        "id": "ca-sp-benicia-sra",
        "name": "Benicia SRA",
        "category": "recreation",
        "categoryColor": "#14B8A6",
        "area": "Solano County",
        "city": "Benicia",
        "address": "1197 Rose Drive, Benicia, CA, 94510",
        "description": "Benicia State Recreation Area along the Carquinez Strait offers marshland, bay views, trails, and fishing, including the popular Dillon Point area.",
        "groups": [
          "everyone"
        ],
        "phone": "",
        "link": "https://www.parks.ca.gov/?page_id=476",
        "linkText": "Visit Website"
      }
    },
    {
      "type": "Feature",
      "geometry": {
        "type": "Point",
        "coordinates": [
          -121.6172060950359,
          37.78289700235521
        ]
      },
      "properties": {
        "id": "ca-sp-bethany-reservoir-sra",
        "name": "Bethany Reservoir SRA",
        "category": "recreation",
        "categoryColor": "#14B8A6",
        "area": "Alameda County",
        "city": "Byron",
        "address": "Christensen Rd, Byron, CA, 94514",
        "description": "Bethany Reservoir State Recreation Area near Byron is a day-use reservoir park popular for fishing, boating, and windsurfing, with access to the Calif...",
        "groups": [
          "everyone"
        ],
        "phone": "",
        "link": "https://www.parks.ca.gov/?page_id=562",
        "linkText": "Visit Website"
      }
    },
    {
      "type": "Feature",
      "geometry": {
        "type": "Point",
        "coordinates": [
          -123,
          38.7083333
        ]
      },
      "properties": {
        "id": "recgov-fac-boat-in-sites-lake-sonoma",
        "name": "BOAT-IN SITES (LAKE SONOMA)",
        "category": "recreation",
        "categoryColor": "#14B8A6",
        "area": "Sonoma County",
        "city": "",
        "address": "",
        "description": "Overview Lake Sonoma's Boat-In Sites are scattered around beautiful Lake Sonoma, only a 45-minute drive north of Santa Rosa and a two-hour drive from ...",
        "groups": [
          "everyone"
        ],
        "phone": "707-431-4533",
        "link": "https://www.recreation.gov/camping/campgrounds/233431",
        "linkText": "Make Reservation"
      }
    },
    {
      "type": "Feature",
      "geometry": {
        "type": "Point",
        "coordinates": [
          -122.6848127,
          37.9100883
        ]
      },
      "properties": {
        "id": "imls-bolinas-museum",
        "name": "Bolinas Museum",
        "category": "recreation",
        "categoryColor": "#14B8A6",
        "area": "Bay Area",
        "city": "Bolinas",
        "address": "48 Wharf Rd, Bolinas, CA 94924",
        "description": "Premier fine arts museum in Marin County, dedicated to collecting, preserving and exhibiting the art and history of coastal Marin. Free admission.",
        "groups": [
          "everyone"
        ],
        "phone": "(415) 868-0330",
        "link": "https://bolinasmuseum.org/",
        "linkText": "Learn More"
      }
    },
    {
      "type": "Feature",
      "geometry": {
        "type": "Point",
        "coordinates": [
          -122.5257172549352,
          38.55322303919026
        ]
      },
      "properties": {
        "id": "ca-sp-bothe-napa-valley-sp",
        "name": "Bothe Napa Valley SP",
        "category": "recreation",
        "categoryColor": "#14B8A6",
        "area": "Napa County",
        "city": "Calistoga",
        "address": "Bale Lane, Calistoga, CA, 94515",
        "description": "Bothe-Napa Valley State Park, between St. Helena and Calistoga on Highway 29, offers camping, picnicking, a seasonal swimming pool, and more than 10 m...",
        "groups": [
          "everyone"
        ],
        "phone": "",
        "link": "https://www.parks.ca.gov/?page_id=477",
        "linkText": "Visit Website"
      }
    },
    {
      "type": "Feature",
      "geometry": {
        "type": "Point",
        "coordinates": [
          -122.4030131749699,
          37.44490491712637
        ]
      },
      "properties": {
        "id": "ca-sp-burleigh-h-murray-ranch-prop",
        "name": "Burleigh H Murray Ranch Prop",
        "category": "recreation",
        "categoryColor": "#14B8A6",
        "area": "San Mateo County",
        "city": "Half Moon Bay",
        "address": "1980 Higgins Canyon Rd, Half Moon Bay, CA, 94019",
        "description": "Burleigh H. Murray Ranch Park Property near Half Moon Bay is a quiet canyon park along Mills Creek with a trail past the historic Mills Barn, one of o...",
        "groups": [
          "everyone"
        ],
        "phone": "",
        "link": "https://www.parks.ca.gov/?page_id=535",
        "linkText": "Visit Website"
      }
    },
    {
      "type": "Feature",
      "geometry": {
        "type": "Point",
        "coordinates": [
          -122.3400331384099,
          37.20168490186801
        ]
      },
      "properties": {
        "id": "ca-sp-butano-sp",
        "name": "Butano SP",
        "category": "recreation",
        "categoryColor": "#14B8A6",
        "area": "San Mateo County",
        "city": "Pescadero",
        "address": "1500 Cloverdale Road, Pescadero, CA, 94060",
        "description": "Butano State Park near Pescadero is a redwood park in the Santa Cruz Mountains with hiking through redwood groves and ocean views, still regrowing aft...",
        "groups": [
          "everyone"
        ],
        "phone": "",
        "link": "https://www.parks.ca.gov/?page_id=536",
        "linkText": "Visit Website"
      }
    },
    {
      "type": "Feature",
      "geometry": {
        "type": "Point",
        "coordinates": [
          -122.0719959,
          37.6610808
        ]
      },
      "properties": {
        "id": "imls-c-e-smith-museum-of-anthropology",
        "name": "C. E. Smith Museum of Anthropology",
        "category": "recreation",
        "categoryColor": "#14B8A6",
        "area": "Bay Area",
        "city": "Hayward",
        "address": "25800 Carlos Bee Blvd, Hayward, CA 94541",
        "description": "Teaching museum at Cal State East Bay demonstrating human diversity and the range of human achievement throughout the world. Free admission.",
        "groups": [
          "everyone"
        ],
        "phone": "(510) 885-3104",
        "link": "https://www.csueastbay.edu/museum/",
        "linkText": "Learn More"
      }
    },
    {
      "type": "Feature",
      "geometry": {
        "type": "Point",
        "coordinates": [
          -122.46932,
          37.77025
        ]
      },
      "properties": {
        "id": "cal-academy",
        "name": "California Academy of Sciences",
        "category": "recreation",
        "categoryColor": "#14B8A6",
        "area": "San Francisco",
        "city": "San Francisco",
        "address": "55 Music Concourse Drive, San Francisco, CA 94118",
        "description": "The California Academy of Sciences in Golden Gate Park is a world-class scientific and cultural institution featuring a natural history museum, aquari...",
        "groups": [
          "income-eligible",
          "everyone"
        ],
        "phone": "415-379-8000",
        "link": "https://www.calacademy.org/visit",
        "linkText": "Reserve Tickets"
      }
    },
    {
      "type": "Feature",
      "geometry": {
        "type": "Point",
        "coordinates": [
          -122.3813432016093,
          37.7126749404489
        ]
      },
      "properties": {
        "id": "ca-sp-candlestick-point-sra",
        "name": "Candlestick Point SRA",
        "category": "recreation",
        "categoryColor": "#14B8A6",
        "area": "San Francisco",
        "city": "San Francisco",
        "address": "500 Hunters Point Expressway, San Francisco, CA, 94124",
        "description": "Candlestick Point State Recreation Area in San Francisco's Bayview/Hunters Point neighborhood was California's first urban state park, with shoreline ...",
        "groups": [
          "everyone"
        ],
        "phone": "",
        "link": "https://www.parks.ca.gov/?page_id=519",
        "linkText": "Visit Website"
      }
    },
    {
      "type": "Feature",
      "geometry": {
        "type": "Point",
        "coordinates": [
          -122.298136,
          38.574984
        ]
      },
      "properties": {
        "id": "recgov-cedar-roughs-wilderness",
        "name": "Cedar Roughs Wilderness",
        "category": "recreation",
        "categoryColor": "#14B8A6",
        "area": "Napa County",
        "city": "",
        "address": "",
        "description": "Overview The Cedar Roughs Wilderness now contains a total of 6,287 acres and is managed by the Bureau of Land Management. All of the Wilderness is in ...",
        "groups": [
          "everyone"
        ],
        "phone": "(707) 468-4000",
        "link": "http://www.wilderness.net/index.cfm?fuse=NWPS&latitude=38.5753525392&longitude=-122.298713472&zoom=12",
        "linkText": "Visit Recreation.gov"
      }
    },
    {
      "type": "Feature",
      "geometry": {
        "type": "Point",
        "coordinates": [
          -122.1841,
          37.81972
        ]
      },
      "properties": {
        "id": "chabot-space-center",
        "name": "Chabot Space & Science Center",
        "category": "recreation",
        "categoryColor": "#14B8A6",
        "area": "Alameda County",
        "city": "Oakland",
        "address": "10000 Skyline Boulevard, Oakland, CA 94619",
        "description": "Chabot Space & Science Center in the Oakland hills features interactive space science exhibits, planetarium shows, and three historic telescopes offer...",
        "groups": [
          "income-eligible",
          "everyone"
        ],
        "phone": "510-336-7300",
        "link": "https://chabotspace.org/visit/",
        "linkText": "Plan Visit"
      }
    },
    {
      "type": "Feature",
      "geometry": {
        "type": "Point",
        "coordinates": [
          -122.735717,
          38.4602345
        ]
      },
      "properties": {
        "id": "imls-charles-m-schulz-museum-and-research-center",
        "name": "Charles M Schulz Museum and Research Center",
        "category": "recreation",
        "categoryColor": "#14B8A6",
        "area": "Bay Area",
        "city": "Santa Rosa",
        "address": "2301 Hardies Ln, Santa Rosa, CA 95401",
        "description": "Museum dedicated to the life and art of Peanuts creator Charles M. Schulz.",
        "groups": [
          "everyone"
        ],
        "phone": "(707) 579-4452",
        "link": "https://schulzmuseum.org/",
        "linkText": "Learn More"
      }
    },
    {
      "type": "Feature",
      "geometry": {
        "type": "Point",
        "coordinates": [
          -122.401506,
          37.782382
        ]
      },
      "properties": {
        "id": "childrens-creativity-museum",
        "name": "Children's Creativity Museum",
        "category": "recreation",
        "categoryColor": "#14B8A6",
        "area": "San Francisco",
        "city": "San Francisco",
        "address": "221 Fourth Street, San Francisco, CA 94103",
        "description": "The Children's Creativity Museum in San Francisco's Yerba Buena Gardens is an interactive arts and technology museum for children ages 2-12, featuring...",
        "groups": [
          "income-eligible",
          "youth",
          "families"
        ],
        "phone": "415-820-3320",
        "link": "https://creativity.org/hours-admission/",
        "linkText": "Plan Visit"
      }
    },
    {
      "type": "Feature",
      "geometry": {
        "type": "Point",
        "coordinates": [
          -121.8917556,
          37.3267053
        ]
      },
      "properties": {
        "id": "childrens-discovery-museum-sj",
        "name": "Children's Discovery Museum",
        "category": "recreation",
        "categoryColor": "#14B8A6",
        "area": "Santa Clara County",
        "city": "San Jose",
        "address": "180 Woz Way, San Jose, CA 95110",
        "description": "Children's Discovery Museum of San Jose is one of the largest children's museums in the country, featuring interactive exhibits that inspire children ...",
        "groups": [
          "income-eligible"
        ],
        "phone": "408-298-5437",
        "link": "https://www.cdm.org/hours-pricing/#museums-for-all",
        "linkText": "Plan Visit"
      }
    },
    {
      "type": "Feature",
      "geometry": {
        "type": "Point",
        "coordinates": [
          -122.2602497,
          37.8088234
        ]
      },
      "properties": {
        "id": "childrens-fairyland",
        "name": "Children's Fairyland",
        "category": "recreation",
        "categoryColor": "#14B8A6",
        "area": "Alameda County",
        "city": "Oakland",
        "address": "699 Bellevue Avenue, Oakland, CA 94610",
        "description": "Children's Fairyland is a whimsical storybook theme park on the shores of Lake Merritt in Oakland, designed for children ages 0-8. As one of the first...",
        "groups": [
          "income-eligible",
          "families",
          "youth"
        ],
        "phone": "510-452-2259",
        "link": "https://fairyland.org/visit/",
        "linkText": "Plan Visit"
      }
    },
    {
      "type": "Feature",
      "geometry": {
        "type": "Point",
        "coordinates": [
          -122.736715,
          38.460035
        ]
      },
      "properties": {
        "id": "imls-children-s-museum-of-sonoma-county",
        "name": "Children's Museum of Sonoma County",
        "category": "recreation",
        "categoryColor": "#14B8A6",
        "area": "Bay Area",
        "city": "Santa Rosa",
        "address": "1835 W Steele Ln, Santa Rosa, CA 95401",
        "description": "Interactive museum with hands-on STEAM exhibits for children ages 0-10. Features indoor and outdoor exhibits including Mary's Garden and Little Russia...",
        "groups": [
          "everyone"
        ],
        "phone": "(707) 546-4069",
        "link": "https://www.cmosc.org/",
        "linkText": "Learn More"
      }
    },
    {
      "type": "Feature",
      "geometry": {
        "type": "Point",
        "coordinates": [
          -122.4626132481711,
          38.00171495884563
        ]
      },
      "properties": {
        "id": "ca-sp-china-camp-sp",
        "name": "China Camp SP",
        "category": "recreation",
        "categoryColor": "#14B8A6",
        "area": "Marin County",
        "city": "San Rafael",
        "address": "896 N San Pedro Road, San Rafael, CA, 94901",
        "description": "China Camp State Park covers 1,514 acres along the San Pablo Bay shoreline in San Rafael, with panoramic bay views, oak woodlands, more than 100 acres...",
        "groups": [
          "everyone"
        ],
        "phone": "415-456-0766",
        "link": "http://www.parks.ca.gov/?page_id=466",
        "linkText": "Visit Website"
      }
    },
    {
      "type": "Feature",
      "geometry": {
        "type": "Point",
        "coordinates": [
          -121.8236,
          37.97053
        ]
      },
      "properties": {
        "id": "recgov-contra-loma-reservoir",
        "name": "Contra Loma Reservoir",
        "category": "recreation",
        "categoryColor": "#14B8A6",
        "area": "Solano County",
        "city": "",
        "address": "",
        "description": "Contra Loma Dam and reservoir are part of the Central Valley Project - Delta Division and offers recreational opportunities for the East Bay area near...",
        "groups": [
          "everyone"
        ],
        "phone": "510-562-PARK",
        "link": "https://www.recreation.gov/search?q=Contra%20Loma%20Reservoir",
        "linkText": "Visit Recreation.gov"
      }
    },
    {
      "type": "Feature",
      "geometry": {
        "type": "Point",
        "coordinates": [
          -122.788884,
          38.04195
        ]
      },
      "properties": {
        "id": "recgov-cordell-bank-national-marine-sanctuary",
        "name": "Cordell Bank National Marine Sanctuary",
        "category": "recreation",
        "categoryColor": "#14B8A6",
        "area": "Sonoma County",
        "city": "",
        "address": "",
        "description": "Entirely offshore, Cordell Bank National Marine Sanctuary protects soft seafloor habitat, a rocky bank, deep-sea canyons, and diverse wildlife, while ...",
        "groups": [
          "everyone"
        ],
        "phone": "(415) 663-0314",
        "link": "http://sanctuaries.noaa.gov/pgallery/atlasmaps/cb.html",
        "linkText": "Visit Recreation.gov"
      }
    },
    {
      "type": "Feature",
      "geometry": {
        "type": "Point",
        "coordinates": [
          -122.350731,
          38.256474
        ]
      },
      "properties": {
        "id": "imls-di-rosa-preserve",
        "name": "di Rosa Center for Contemporary Art",
        "category": "recreation",
        "categoryColor": "#14B8A6",
        "area": "Bay Area",
        "city": "Napa",
        "address": "5200 Carneros Hwy, Napa, CA 94558",
        "description": "Collection of 1,600 works of Northern California art on 217 protected acres with galleries, sculpture park, 35-acre lake, and walking trails.",
        "groups": [
          "everyone"
        ],
        "phone": "(707) 226-5991",
        "link": "https://www.dirosaart.org/",
        "linkText": "Learn More"
      }
    },
    {
      "type": "Feature",
      "geometry": {
        "type": "Point",
        "coordinates": [
          -122.073393426,
          37.531674793
        ]
      },
      "properties": {
        "id": "recgov-don-edwards-san-francisco-bay-national-wildlife-re",
        "name": "Don Edwards San Francisco Bay National Wildlife Refuge",
        "category": "recreation",
        "categoryColor": "#14B8A6",
        "area": "San Mateo County",
        "city": "",
        "address": "",
        "description": "Don Edwards San Francisco Bay National Wildlife Refuge is located in a vast cultural and natural landscape. As part of the San Francisco Bay National ...",
        "groups": [
          "everyone"
        ],
        "phone": "510-792-0222",
        "link": "https://www.recreation.gov/search?q=Don%20Edwards%20San%20Francisco%20Bay%20National%20Wildlife%20Refuge",
        "linkText": "Visit Recreation.gov"
      }
    },
    {
      "type": "Feature",
      "geometry": {
        "type": "Point",
        "coordinates": [
          -121.695873,
          38.15404
        ]
      },
      "properties": {
        "id": "imls-dutra-museum-foundation",
        "name": "Dutra Museum Foundation",
        "category": "recreation",
        "categoryColor": "#14B8A6",
        "area": "Bay Area",
        "city": "Rio Vista",
        "address": "345 St Gertrude Avenue, Rio Vista, CA 94571",
        "description": "Museum featuring Northern California dredging history, the California Delta, and the Dutra Family's involvement in maritime heritage.",
        "groups": [
          "everyone"
        ],
        "phone": "(650) 207-6489",
        "link": "https://dutramuseum.org/",
        "linkText": "Visit Website"
      }
    },
    {
      "type": "Feature",
      "geometry": {
        "type": "Point",
        "coordinates": [
          -121.730672,
          36.816914
        ]
      },
      "properties": {
        "id": "recgov-elkhorn-slough-national-estuarine-research-reserve",
        "name": "Elkhorn Slough National Estuarine Research Reserve",
        "category": "recreation",
        "categoryColor": "#14B8A6",
        "area": "Bay Area",
        "city": "",
        "address": "",
        "description": "Elkhorn Slough is one of the relatively few undisturbed coastal wetlands remaining in California. The main channel of the slough, which winds inland n...",
        "groups": [
          "everyone"
        ],
        "phone": "831-728-2822",
        "link": "https://www.recreation.gov/search?q=Elkhorn%20Slough%20National%20Estuarine%20Research%20Reserve",
        "linkText": "Visit Recreation.gov"
      }
    },
    {
      "type": "Feature",
      "geometry": {
        "type": "Point",
        "coordinates": [
          -121.834139482,
          36.928981346
        ]
      },
      "properties": {
        "id": "recgov-ellicott-slough-national-wildlife-refuge",
        "name": "Ellicott Slough National Wildlife Refuge",
        "category": "recreation",
        "categoryColor": "#14B8A6",
        "area": "Bay Area",
        "city": "",
        "address": "",
        "description": "Ellicott Slough National Wildlife Refuge is located in Santa Cruz County within the Monterey Bay area. The refuge, established in 1975 to protect the ...",
        "groups": [
          "everyone"
        ],
        "phone": "510-792-0222",
        "link": "https://www.recreation.gov/search?q=Ellicott%20Slough%20National%20Wildlife%20Refuge",
        "linkText": "Visit Recreation.gov"
      }
    },
    {
      "type": "Feature",
      "geometry": {
        "type": "Point",
        "coordinates": [
          -122.2888147,
          37.8386014
        ]
      },
      "properties": {
        "id": "imls-emeryville-center-for-the-arts",
        "name": "Emeryville Center for the Arts",
        "category": "recreation",
        "categoryColor": "#14B8A6",
        "area": "Bay Area",
        "city": "Emeryville",
        "address": "5710 Hollis St, Emeryville, CA 94608",
        "description": "Art organization celebrating local art in Emeryville with annual exhibitions and community events.",
        "groups": [
          "everyone"
        ],
        "phone": "(510) 601-0520",
        "link": "https://www.emeryarts.org/",
        "linkText": "Visit Website"
      }
    },
    {
      "type": "Feature",
      "geometry": {
        "type": "Point",
        "coordinates": [
          -122.3134730061372,
          37.83683544715083
        ]
      },
      "properties": {
        "id": "ca-sp-emeryville-crescent-smr",
        "name": "Emeryville Crescent SMR",
        "category": "recreation",
        "categoryColor": "#14B8A6",
        "area": "Alameda County",
        "city": "Emeryville",
        "address": "3500 Powell St, Emeryville, CA, 94608",
        "description": "Emeryville Crescent State Marine Reserve protects tidal marsh and mudflats on the east shore of San Francisco Bay, at the south end of McLaughlin East...",
        "groups": [
          "everyone"
        ],
        "phone": "",
        "link": "http://www.parks.ca.gov/?page_id=22881",
        "linkText": "Visit Website"
      }
    },
    {
      "type": "Feature",
      "geometry": {
        "type": "Point",
        "coordinates": [
          -122.0271566,
          37.82604456
        ]
      },
      "properties": {
        "id": "nps-euon",
        "name": "Eugene O'Neill National Historic Site",
        "category": "recreation",
        "categoryColor": "#14B8A6",
        "area": "Contra Costa County",
        "city": "Danville",
        "address": "205 Railroad Avenue, Danville, CA, 94526",
        "description": "Eugene O'Neill National Historic Site preserves Tao House, where the Nobel Prize-winning playwright wrote his most celebrated works including Long Day...",
        "groups": [
          "everyone"
        ],
        "phone": "",
        "link": "https://www.nps.gov/euon/index.htm",
        "linkText": "Visit Website"
      }
    },
    {
      "type": "Feature",
      "geometry": {
        "type": "Point",
        "coordinates": [
          -122.40032,
          37.79553
        ]
      },
      "properties": {
        "id": "exploratorium",
        "name": "Exploratorium",
        "category": "recreation",
        "categoryColor": "#14B8A6",
        "area": "San Francisco",
        "city": "San Francisco",
        "address": "Pier 15, The Embarcadero, San Francisco, CA 94111",
        "description": "The Exploratorium is San Francisco's world-renowned museum of science, art, and human perception. Located on Pier 15, it features over 650 interactive...",
        "groups": [
          "teachers",
          "income-eligible"
        ],
        "phone": "415-528-4444",
        "link": "https://www.exploratorium.edu/visit/reduced-rates",
        "linkText": "Plan Visit"
      }
    },
    {
      "type": "Feature",
      "geometry": {
        "type": "Point",
        "coordinates": [
          -122.532993,
          37.975306
        ]
      },
      "properties": {
        "id": "imls-falkirk-cultural-center",
        "name": "Falkirk Cultural Center",
        "category": "recreation",
        "categoryColor": "#14B8A6",
        "area": "Bay Area",
        "city": "San Rafael",
        "address": "1408 Mission Avenue at E Street, San Rafael, CA 94901",
        "description": "Historic 1888 Queen Anne mansion on the National Register of Historical Places, serving as a cultural center since 1974.",
        "groups": [
          "everyone"
        ],
        "phone": "(415) 485-3328",
        "link": "https://www.cityofsanrafael.org/falkirk/",
        "linkText": "Learn More"
      }
    },
    {
      "type": "Feature",
      "geometry": {
        "type": "Point",
        "coordinates": [
          -123.00317,
          37.6984744
        ]
      },
      "properties": {
        "id": "recgov-farallon-islands-national-wildlife-refuge",
        "name": "Farallon Islands National Wildlife Refuge",
        "category": "recreation",
        "categoryColor": "#14B8A6",
        "area": "San Mateo County",
        "city": "",
        "address": "",
        "description": "The Farallon Islands National Wildlife Refuge is located on the pacific coast approximately 28 miles west of San Francisco California. Totaling 211 ac...",
        "groups": [
          "everyone"
        ],
        "phone": "510-792-0222",
        "link": "https://www.recreation.gov/search?q=Farallon%20Islands%20National%20Wildlife%20Refuge",
        "linkText": "Visit Recreation.gov"
      }
    },
    {
      "type": "Feature",
      "geometry": {
        "type": "Point",
        "coordinates": [
          -122.468424,
          37.77088
        ]
      },
      "properties": {
        "id": "fine-arts-museums-sf",
        "name": "Fine Arts Museums of San Francisco",
        "category": "recreation",
        "categoryColor": "#14B8A6",
        "area": "San Francisco",
        "city": "San Francisco",
        "address": "50 Hagiwara Tea Garden Drive, San Francisco, CA 94118 (de Young)",
        "description": "The Fine Arts Museums of San Francisco comprise the de Young Museum in Golden Gate Park and the Legion of Honor in Lincoln Park. Together they house a...",
        "groups": [
          "income-eligible",
          "college-students",
          "seniors",
          "veterans",
          "disability",
          "families",
          "everyone"
        ],
        "phone": "415-750-3600",
        "link": "https://www.famsf.org/visit/free-reduced-admission",
        "linkText": "Plan Visit"
      }
    },
    {
      "type": "Feature",
      "geometry": {
        "type": "Point",
        "coordinates": [
          -122.473747,
          37.80837439
        ]
      },
      "properties": {
        "id": "nps-fopo",
        "name": "Fort Point National Historic Site",
        "category": "recreation",
        "categoryColor": "#14B8A6",
        "area": "San Francisco",
        "city": "San Francisco",
        "address": "Fort Point National Historic Site, San Francisco, CA, 94129",
        "description": "Fort Point National Historic Site, a pre-Civil War military fort located beneath the Golden Gate Bridge. Explore the brick fortress and learn about th...",
        "groups": [
          "everyone"
        ],
        "phone": "",
        "link": "https://www.nps.gov/fopo/index.htm",
        "linkText": "Visit Website"
      }
    },
    {
      "type": "Feature",
      "geometry": {
        "type": "Point",
        "coordinates": [
          -123.2470134262329,
          38.51760494045567
        ]
      },
      "properties": {
        "id": "ca-sp-fort-ross-shp",
        "name": "Fort Ross SHP",
        "category": "recreation",
        "categoryColor": "#14B8A6",
        "area": "Sonoma County",
        "city": "Jenner",
        "address": "19005 Coast Highway One, Jenner, CA, 95450",
        "description": "Fort Ross State Historic Park on the Sonoma coast preserves buildings and a reconstructed stockade from North America's southernmost Russian colony, f...",
        "groups": [
          "everyone"
        ],
        "phone": "707-847-3437",
        "link": "http://www.parks.ca.gov/?page_id=449",
        "linkText": "Visit Website"
      }
    },
    {
      "type": "Feature",
      "geometry": {
        "type": "Point",
        "coordinates": [
          -121.6322692667055,
          38.04218743384816
        ]
      },
      "properties": {
        "id": "ca-sp-franks-tract-sra",
        "name": "Franks Tract SRA",
        "category": "recreation",
        "categoryColor": "#14B8A6",
        "area": "Contra Costa County",
        "city": "Bethel Island",
        "address": "Harbor Rd (and boat-in), Bethel Island, CA, 94561",
        "description": "Franks Tract State Recreation Area is a flooded former Delta island near Bethel Island, surrounded by marsh and remnant levees. It is almost completel...",
        "groups": [
          "everyone"
        ],
        "phone": "925-447-0426",
        "link": "http://www.parks.ca.gov/?page_id=490",
        "linkText": "Visit Website"
      }
    },
    {
      "type": "Feature",
      "geometry": {
        "type": "Point",
        "coordinates": [
          -122.0445866,
          37.9185343
        ]
      },
      "properties": {
        "id": "imls-gardens-at-heather-farms",
        "name": "Gardens at Heather Farms",
        "category": "recreation",
        "categoryColor": "#14B8A6",
        "area": "Bay Area",
        "city": "Walnut Creek",
        "address": "1540 Marchbanks Drive, Walnut Creek, CA 94595",
        "description": "Six-acre public garden featuring the Cowden Rose Garden, Children's Garden, Sensory Garden, and Community Garden. Free admission and open daily.",
        "groups": [
          "everyone"
        ],
        "phone": "",
        "link": "https://gardenshf.org/",
        "linkText": "Visit Website"
      }
    },
    {
      "type": "Feature",
      "geometry": {
        "type": "Point",
        "coordinates": [
          -122.428353,
          37.805569
        ]
      },
      "properties": {
        "id": "nps-goga",
        "name": "Golden Gate National Recreation Area",
        "category": "recreation",
        "categoryColor": "#14B8A6",
        "area": "San Francisco",
        "city": "San Francisco",
        "address": "Golden Gate National Recreation Area, San Francisco, CA, 94123",
        "description": "Golden Gate National Recreation Area spans over 80,000 acres of coastal parkland including beaches, historic military sites, and iconic views of the G...",
        "groups": [
          "everyone"
        ],
        "phone": "",
        "link": "https://www.nps.gov/goga/index.htm",
        "linkText": "Visit Website"
      }
    },
    {
      "type": "Feature",
      "geometry": {
        "type": "Point",
        "coordinates": [
          -122.3835547,
          37.9152529
        ]
      },
      "properties": {
        "id": "imls-golden-state-model-railroad-museum",
        "name": "Golden State Model Railroad Museum",
        "category": "recreation",
        "categoryColor": "#14B8A6",
        "area": "Bay Area",
        "city": "Richmond",
        "address": "900 Dornan Dr, Richmond, CA 94801",
        "description": "10,000 sqft operating model railroad exhibit featuring O, HO, and N scale layouts replicating California railroading locations. On the National Regist...",
        "groups": [
          "everyone"
        ],
        "phone": "(510) 234-4884",
        "link": "https://www.gsmrm.org/",
        "linkText": "Learn More"
      }
    },
    {
      "type": "Feature",
      "geometry": {
        "type": "Point",
        "coordinates": [
          -123.03133,
          38.713957
        ]
      },
      "properties": {
        "id": "recgov-fac-gray-pine-flat-day-use",
        "name": "Gray Pine Flat Day Use",
        "category": "recreation",
        "categoryColor": "#14B8A6",
        "area": "Sonoma County",
        "city": "",
        "address": "",
        "description": "Gray Pine Flat Day Use is a activity pass available through Recreation.gov.",
        "groups": [
          "everyone"
        ],
        "phone": "",
        "link": "https://www.recreation.gov/camping/campgrounds/AP22411",
        "linkText": "Make Reservation"
      }
    },
    {
      "type": "Feature",
      "geometry": {
        "type": "Point",
        "coordinates": [
          -122.5129724634356,
          37.56424342071782
        ]
      },
      "properties": {
        "id": "ca-sp-gray-whale-cove-sb",
        "name": "Gray Whale Cove SB",
        "category": "recreation",
        "categoryColor": "#14B8A6",
        "area": "San Mateo County",
        "city": "Pacifica",
        "address": "Highway 1, Pacifica, CA, 94044",
        "description": "Gray Whale Cove State Beach is a secluded cove on the San Mateo coast north of Montara, reached by a long, steep trail, with turquoise water, dramatic...",
        "groups": [
          "everyone"
        ],
        "phone": "650-726-8819",
        "link": "http://www.parks.ca.gov/?page_id=528",
        "linkText": "Visit Website"
      }
    },
    {
      "type": "Feature",
      "geometry": {
        "type": "Point",
        "coordinates": [
          -122.467088,
          37.805434
        ]
      },
      "properties": {
        "id": "recgov-greater-farallones-national-marine-sanctuary",
        "name": "Greater Farallones National Marine Sanctuary",
        "category": "recreation",
        "categoryColor": "#14B8A6",
        "area": "Marin County",
        "city": "",
        "address": "",
        "description": "An area of 3,295 square miles off the northern and central California coast, Greater Farallones National Marine Sanctuary protects the wildlife and ha...",
        "groups": [
          "everyone"
        ],
        "phone": "(415) 561-6622",
        "link": "http://sanctuaries.noaa.gov/pgallery/atlasmaps/gf.html",
        "linkText": "Visit Recreation.gov"
      }
    },
    {
      "type": "Feature",
      "geometry": {
        "type": "Point",
        "coordinates": [
          -122.4450131838334,
          37.46650491594417
        ]
      },
      "properties": {
        "id": "ca-sp-half-moon-bay-sb",
        "name": "Half Moon Bay SB",
        "category": "recreation",
        "categoryColor": "#14B8A6",
        "area": "San Mateo County",
        "city": "Half Moon Bay",
        "address": "95 Kelly Avenue, Half Moon Bay, CA, 94019",
        "description": "Half Moon Bay State Beach offers four miles of sandy beaches with gentle dunes, cool coastal weather, and shore fishing. Beach access and parking are ...",
        "groups": [
          "everyone"
        ],
        "phone": "650-726-8819",
        "link": "http://www.parks.ca.gov/?page_id=531",
        "linkText": "Visit Website"
      }
    },
    {
      "type": "Feature",
      "geometry": {
        "type": "Point",
        "coordinates": [
          -121.8629016,
          37.3258672
        ]
      },
      "properties": {
        "id": "imls-happy-hollow-park-zoo",
        "name": "Happy Hollow Park & Zoo",
        "category": "recreation",
        "categoryColor": "#14B8A6",
        "area": "Bay Area",
        "city": "San Jose",
        "address": "748 Story Rd, San Jose, CA 95110",
        "description": "AZA-accredited zoo and amusement park with over 140 animals, family rides, carousel, and Puppet Castle Theater.",
        "groups": [
          "everyone"
        ],
        "phone": "(408) 794-6403",
        "link": "https://happyhollow.org/",
        "linkText": "Learn More"
      }
    },
    {
      "type": "Feature",
      "geometry": {
        "type": "Point",
        "coordinates": [
          -122.5221461,
          37.8296267
        ]
      },
      "properties": {
        "id": "imls-headlands-center-for-the-arts",
        "name": "Headlands Center for the Arts",
        "category": "recreation",
        "categoryColor": "#14B8A6",
        "area": "Bay Area",
        "city": "Sausalito",
        "address": "944 Simmonds Rd, Sausalito, CA 94965",
        "description": "Multidisciplinary arts center in historic Fort Barry with artist-in-residence program and public programming.",
        "groups": [
          "everyone"
        ],
        "phone": "(415) 331-2787",
        "link": "https://www.headlands.org/",
        "linkText": "Learn More"
      }
    },
    {
      "type": "Feature",
      "geometry": {
        "type": "Point",
        "coordinates": [
          -121.5141,
          37.211
        ]
      },
      "properties": {
        "id": "ca-sp-henry-w-coe-sp",
        "name": "Henry W Coe SP",
        "category": "recreation",
        "categoryColor": "#14B8A6",
        "area": "Santa Clara County",
        "city": "Morgan Hill",
        "address": "9000 East Dunne Avenue, Morgan Hill, CA, 95037",
        "description": "Henry W. Coe State Park is the largest state park in Northern California, protecting 87,000 acres of hills and ridges in the Diablo Range, with many c...",
        "groups": [
          "everyone"
        ],
        "phone": "408-779-2728",
        "link": "http://www.parks.ca.gov/?page_id=561",
        "linkText": "Visit Website"
      }
    },
    {
      "type": "Feature",
      "geometry": {
        "type": "Point",
        "coordinates": [
          -122.410748,
          37.781683
        ]
      },
      "properties": {
        "id": "imls-international-art-museum-of-america",
        "name": "International Art Museum of America",
        "category": "recreation",
        "categoryColor": "#14B8A6",
        "area": "Bay Area",
        "city": "San Francisco",
        "address": "1025 Market Street, San Francisco, CA 94102",
        "description": "Art museum featuring paintings and precious art by world-renowned artists from 12 countries. Free admission. Open Wed-Sun 10am-5pm.",
        "groups": [
          "everyone"
        ],
        "phone": "(415) 376-6344",
        "link": "https://iamasf.org/",
        "linkText": "Visit Website"
      }
    },
    {
      "type": "Feature",
      "geometry": {
        "type": "Point",
        "coordinates": [
          -122.392526,
          37.791229
        ]
      },
      "properties": {
        "id": "imls-international-museum-of-women",
        "name": "International Museum of Women",
        "category": "recreation",
        "categoryColor": "#14B8A6",
        "area": "Bay Area",
        "city": "San Francisco",
        "address": "101 Howard St Ste 480, San Francisco, CA 94102",
        "description": "Online museum covering women's issues worldwide. Now part of Global Fund for Women since 2014.",
        "groups": [
          "everyone"
        ],
        "phone": "(415) 543-4669",
        "link": "https://exhibitions.globalfundforwomen.org/",
        "linkText": "Visit Website"
      }
    },
    {
      "type": "Feature",
      "geometry": {
        "type": "Point",
        "coordinates": [
          -122.544013302514,
          38.35670498105038
        ]
      },
      "properties": {
        "id": "ca-sp-jack-london-shp",
        "name": "Jack London SHP",
        "category": "recreation",
        "categoryColor": "#14B8A6",
        "area": "Sonoma County",
        "city": "Glen Ellen",
        "address": "2400 London Ranch Road, Glen Ellen, CA, 95442",
        "description": "Jack London State Historic Park is a 1,400-acre park in Glen Ellen that tells the story of writer and adventurer Jack London, who made the Sonoma Vall...",
        "groups": [
          "everyone"
        ],
        "phone": "707-938-5216",
        "link": "http://www.parks.ca.gov/?page_id=478",
        "linkText": "Visit Website"
      }
    },
    {
      "type": "Feature",
      "geometry": {
        "type": "Point",
        "coordinates": [
          -122.546779,
          38.354318
        ]
      },
      "properties": {
        "id": "imls-jack-london-state-historic-park",
        "name": "Jack London State Historic Park",
        "category": "recreation",
        "categoryColor": "#14B8A6",
        "area": "Bay Area",
        "city": "Glen Ellen",
        "address": "2400 London Ranch Road, Glen Ellen, CA 95442",
        "description": "Historic park featuring Jack London's home and ranch. National Historic Landmark with hiking trails, museums, and the House of Happy Walls.",
        "groups": [
          "everyone"
        ],
        "phone": "(707) 938-5216",
        "link": "https://jacklondonpark.com/",
        "linkText": "Visit Website"
      }
    },
    {
      "type": "Feature",
      "geometry": {
        "type": "Point",
        "coordinates": [
          -122.1326097,
          37.9828422
        ]
      },
      "properties": {
        "id": "nps-jomu",
        "name": "John Muir National Historic Site",
        "category": "recreation",
        "categoryColor": "#14B8A6",
        "area": "Contra Costa County",
        "city": "Martinez",
        "address": "4202 Alhambra Ave, Martinez, CA, 94553",
        "description": "John Muir National Historic Site preserves the home of famed naturalist and conservationist John Muir, \"Father of the National Parks.\" Tour his Victor...",
        "groups": [
          "everyone"
        ],
        "phone": "",
        "link": "https://www.nps.gov/jomu/index.htm",
        "linkText": "Visit Website"
      }
    },
    {
      "type": "Feature",
      "geometry": {
        "type": "Point",
        "coordinates": [
          -122.3683111,
          38.8337697
        ]
      },
      "properties": {
        "id": "recgov-knoxville-management-area",
        "name": "Knoxville Management Area",
        "category": "recreation",
        "categoryColor": "#14B8A6",
        "area": "Napa County",
        "city": "",
        "address": "",
        "description": "Note: Click here to view our California State Parks OHV grant preliminary applications . The public comment period will be open from March 4, 2025 to ...",
        "groups": [
          "everyone"
        ],
        "phone": "707-468-4000",
        "link": "https://www.blm.gov/sites/blm.gov/files/documents/files/media-center-public-room-california-knoxville-recreation-area-map.pdf",
        "linkText": "Visit Recreation.gov"
      }
    },
    {
      "type": "Feature",
      "geometry": {
        "type": "Point",
        "coordinates": [
          -122.3683111,
          38.8337697
        ]
      },
      "properties": {
        "id": "recgov-knoxville-recreation-area",
        "name": "Knoxville Recreation Area",
        "category": "recreation",
        "categoryColor": "#14B8A6",
        "area": "Napa County",
        "city": "",
        "address": "",
        "description": "Due to its close proximity to the Sacramento and San Francisco Bay Area regions, and because of its varied terrain, Knoxville's 17,700 acres attract m...",
        "groups": [
          "everyone"
        ],
        "phone": "707-468-4000",
        "link": "http://bit.ly/2JlBJo4",
        "linkText": "Visit Recreation.gov"
      }
    },
    {
      "type": "Feature",
      "geometry": {
        "type": "Point",
        "coordinates": [
          -123.3450134505078,
          38.59410493876351
        ]
      },
      "properties": {
        "id": "ca-sp-kruse-rhododendron-snr",
        "name": "Kruse Rhododendron SNR",
        "category": "recreation",
        "categoryColor": "#14B8A6",
        "area": "Sonoma County",
        "city": "Cazadero",
        "address": "Hwy 1 & Kruse Ranch Rd, Cazadero, CA, 95421",
        "description": "Kruse Rhododendron State Natural Reserve, next to Salt Point State Park on the Sonoma coast, protects a quiet second-growth redwood and fir forest whe...",
        "groups": [
          "everyone"
        ],
        "phone": "707-847-3221",
        "link": "http://www.parks.ca.gov/?page_id=448",
        "linkText": "Visit Website"
      }
    },
    {
      "type": "Feature",
      "geometry": {
        "type": "Point",
        "coordinates": [
          -122.2333,
          38.5833
        ]
      },
      "properties": {
        "id": "recgov-lake-berryessa",
        "name": "Lake Berryessa",
        "category": "recreation",
        "categoryColor": "#14B8A6",
        "area": "Napa County",
        "city": "",
        "address": "",
        "description": "Nestled between Blue Ridge and Cedar Roughs, east of the Napa Valley, Lake Berryessa offers year-round recreation opportunities. Lake Berryessa's wate...",
        "groups": [
          "everyone"
        ],
        "phone": "707-966-2111",
        "link": "https://www.recreation.gov/search?q=Lake%20Berryessa",
        "linkText": "Visit Recreation.gov"
      }
    },
    {
      "type": "Feature",
      "geometry": {
        "type": "Point",
        "coordinates": [
          -122.23488,
          38.56003
        ]
      },
      "properties": {
        "id": "recgov-fac-lake-berryessa-day-use",
        "name": "Lake Berryessa - Day Use",
        "category": "recreation",
        "categoryColor": "#14B8A6",
        "area": "Napa County",
        "city": "",
        "address": "",
        "description": "Lake Berryessa - Day Use is a activity pass available through Recreation.gov.",
        "groups": [
          "everyone"
        ],
        "phone": "",
        "link": "https://www.recreation.gov/camping/campgrounds/89c3fcc9-99ab-11ec-8b93-2a848f2136c9",
        "linkText": "Make Reservation"
      }
    },
    {
      "type": "Feature",
      "geometry": {
        "type": "Point",
        "coordinates": [
          -121.6890130826805,
          37.58420498000815
        ]
      },
      "properties": {
        "id": "ca-sp-lake-del-valle-sra",
        "name": "Lake Del Valle SRA",
        "category": "recreation",
        "categoryColor": "#14B8A6",
        "area": "Alameda County",
        "city": "Livermore",
        "address": "7000 Del Valle Road, Livermore, CA, 94550",
        "description": "Lake Del Valle State Recreation Area, south of Livermore, is part of the State Water Project and is operated by the East Bay Regional Park District as...",
        "groups": [
          "everyone"
        ],
        "phone": "510-544-3146",
        "link": "http://www.parks.ca.gov/?page_id=537",
        "linkText": "Visit Website"
      }
    },
    {
      "type": "Feature",
      "geometry": {
        "type": "Point",
        "coordinates": [
          -122.02917,
          38.49248
        ]
      },
      "properties": {
        "id": "recgov-lake-solano",
        "name": "Lake Solano",
        "category": "recreation",
        "categoryColor": "#14B8A6",
        "area": "Solano County",
        "city": "",
        "address": "",
        "description": "Lake Solano Park, Solano Project , is located at the base of coastal foothills at the western edge of the Sacramento Valley and offers an array of rec...",
        "groups": [
          "everyone"
        ],
        "phone": "800-939-PARK",
        "link": "https://www.recreation.gov/search?q=Lake%20Solano",
        "linkText": "Visit Recreation.gov"
      }
    },
    {
      "type": "Feature",
      "geometry": {
        "type": "Point",
        "coordinates": [
          -122.99936,
          38.718658
        ]
      },
      "properties": {
        "id": "recgov-lake-sonoma",
        "name": "Lake Sonoma",
        "category": "recreation",
        "categoryColor": "#14B8A6",
        "area": "Sonoma County",
        "city": "",
        "address": "",
        "description": "Lake Sonoma is located in the wine-growing region of Sonoma County, CA. A picturesque lake with secluded vehicle and boat-in camping available for the...",
        "groups": [
          "everyone"
        ],
        "phone": "(707) 431-4590",
        "link": "https://www.recreation.gov/search?q=Lake%20Sonoma",
        "linkText": "Visit Recreation.gov"
      }
    },
    {
      "type": "Feature",
      "geometry": {
        "type": "Point",
        "coordinates": [
          -122.0585435,
          37.8977312
        ]
      },
      "properties": {
        "id": "imls-lamorinda-arts-alliance",
        "name": "Lamorinda Arts Alliance",
        "category": "recreation",
        "categoryColor": "#14B8A6",
        "area": "Bay Area",
        "city": "Lafayette",
        "address": "3506a Mount Diablo Boulevard, Lafayette, CA 94549",
        "description": "Organization of local artists serving Lafayette, Moraga, Orinda and East Bay communities. Provides exhibits, education, and coordination for artists.",
        "groups": [
          "everyone"
        ],
        "phone": "(925) 376-5407",
        "link": "https://laa4art.org/",
        "linkText": "Visit Website"
      }
    },
    {
      "type": "Feature",
      "geometry": {
        "type": "Point",
        "coordinates": [
          -122.26051,
          37.86701
        ]
      },
      "properties": {
        "id": "lawrence-hall-science",
        "name": "Lawrence Hall of Science",
        "category": "recreation",
        "categoryColor": "#14B8A6",
        "area": "Alameda County",
        "city": "Berkeley",
        "address": "1 Centennial Drive, Berkeley, CA 94720",
        "description": "The Lawrence Hall of Science is UC Berkeley's public science center, perched in the hills above campus with stunning bay views. It offers hands-on exh...",
        "groups": [
          "income-eligible",
          "families",
          "youth",
          "everyone"
        ],
        "phone": "510-642-5132",
        "link": "https://lawrencehallofscience.org",
        "linkText": "Plan Visit"
      }
    },
    {
      "type": "Feature",
      "geometry": {
        "type": "Point",
        "coordinates": [
          -123.0563889,
          38.7136111
        ]
      },
      "properties": {
        "id": "recgov-fac-liberty-glen-lake-sonoma",
        "name": "LIBERTY GLEN (LAKE SONOMA)",
        "category": "recreation",
        "categoryColor": "#14B8A6",
        "area": "Sonoma County",
        "city": "",
        "address": "",
        "description": "Overview Liberty Glen Campground is located at the top of Rockpile Road overlooking Lake Sonoma. A short 45-minute drive north of Santa Rosa and a two...",
        "groups": [
          "everyone"
        ],
        "phone": "707-431-4533",
        "link": "https://www.recreation.gov/camping/campgrounds/233537",
        "linkText": "Make Reservation"
      }
    },
    {
      "type": "Feature",
      "geometry": {
        "type": "Point",
        "coordinates": [
          -123.021993,
          38.759632
        ]
      },
      "properties": {
        "id": "recgov-fac-little-flat-day-use",
        "name": "Little Flat Day Use",
        "category": "recreation",
        "categoryColor": "#14B8A6",
        "area": "Sonoma County",
        "city": "",
        "address": "",
        "description": "Little Flat Day Use is a activity pass available through Recreation.gov.",
        "groups": [
          "everyone"
        ],
        "phone": "",
        "link": "https://www.recreation.gov/camping/campgrounds/AP22412",
        "linkText": "Make Reservation"
      }
    },
    {
      "type": "Feature",
      "geometry": {
        "type": "Point",
        "coordinates": [
          -121.7685757,
          37.6796552
        ]
      },
      "properties": {
        "id": "imls-livermore-heritage-guild",
        "name": "Livermore Heritage Guild",
        "category": "recreation",
        "categoryColor": "#14B8A6",
        "area": "Bay Area",
        "city": "Livermore",
        "address": "2155 Third Street, Livermore, CA 94550",
        "description": "Historical society and research center in the 1911 Carnegie Library with extensive archives, newspapers, photos, and oral histories.",
        "groups": [
          "everyone"
        ],
        "phone": "(925) 449-9927",
        "link": "https://www.lhg.org/",
        "linkText": "Learn More"
      }
    },
    {
      "type": "Feature",
      "geometry": {
        "type": "Point",
        "coordinates": [
          -123.045483,
          38.714937
        ]
      },
      "properties": {
        "id": "recgov-fac-lone-rock-day-use",
        "name": "Lone Rock Day Use",
        "category": "recreation",
        "categoryColor": "#14B8A6",
        "area": "Sonoma County",
        "city": "",
        "address": "",
        "description": "Lone Rock Day Use is a activity pass available through Recreation.gov.",
        "groups": [
          "everyone"
        ],
        "phone": "",
        "link": "https://www.recreation.gov/camping/campgrounds/AP22413",
        "linkText": "Make Reservation"
      }
    },
    {
      "type": "Feature",
      "geometry": {
        "type": "Point",
        "coordinates": [
          -122.8766323266951,
          38.1436029389256
        ]
      },
      "properties": {
        "id": "ca-sp-marconi-conference-center-shp",
        "name": "Marconi Conference Center SHP",
        "category": "recreation",
        "categoryColor": "#14B8A6",
        "area": "Marin County",
        "city": "Marshall",
        "address": "18500 Highway 1, Marshall, CA, 94940",
        "description": "Marconi Conference Center State Historic Park is a 62-acre park above Tomales Bay near Marshall, known for its history and natural beauty. Its histori...",
        "groups": [
          "everyone"
        ],
        "phone": "415-663-9020",
        "link": "http://www.parks.ca.gov/?page_id=467",
        "linkText": "Visit Website"
      }
    },
    {
      "type": "Feature",
      "geometry": {
        "type": "Point",
        "coordinates": [
          -122.46778,
          37.9705878
        ]
      },
      "properties": {
        "id": "recgov-marin-islands-national-wildlife-refuge",
        "name": "Marin Islands National Wildlife Refuge",
        "category": "recreation",
        "categoryColor": "#14B8A6",
        "area": "Marin County",
        "city": "",
        "address": "",
        "description": "More info to come.",
        "groups": [
          "everyone"
        ],
        "phone": "707-769-4200",
        "link": "https://www.recreation.gov/search?q=Marin%20Islands%20National%20Wildlife%20Refuge",
        "linkText": "Visit Recreation.gov"
      }
    },
    {
      "type": "Feature",
      "geometry": {
        "type": "Point",
        "coordinates": [
          -122.5897105,
          37.9878802
        ]
      },
      "properties": {
        "id": "imls-mountain-bike-hall-of-fame",
        "name": "Marin Museum of Bicycling & Mountain Bike Hall of Fame",
        "category": "recreation",
        "categoryColor": "#14B8A6",
        "area": "Bay Area",
        "city": "Fairfax",
        "address": "1966 Sir Francis Drake Blvd, Fairfax, CA 94930",
        "description": "Premier bicycle history museum at the birthplace of mountain biking, featuring 19th century bikes and the Mountain Bike Hall of Fame.",
        "groups": [
          "everyone"
        ],
        "phone": "(415) 450-8000",
        "link": "https://mmbhof.org/",
        "linkText": "Learn More"
      }
    },
    {
      "type": "Feature",
      "geometry": {
        "type": "Point",
        "coordinates": [
          -122.5897105,
          37.9878802
        ]
      },
      "properties": {
        "id": "imls-mountain-bike-hall-of-fame-and-museum",
        "name": "Marin Museum of Bicycling & Mountain Bike Hall of Fame",
        "category": "recreation",
        "categoryColor": "#14B8A6",
        "area": "Bay Area",
        "city": "Fairfax",
        "address": "1966 Sir Francis Drake Blvd, Fairfax, CA 94930",
        "description": "Premier bicycle history museum at the birthplace of mountain biking, featuring 19th century bikes and the Mountain Bike Hall of Fame.",
        "groups": [
          "everyone"
        ],
        "phone": "",
        "link": "https://mmbhof.org/",
        "linkText": "Learn More"
      }
    },
    {
      "type": "Feature",
      "geometry": {
        "type": "Point",
        "coordinates": [
          -122.457223,
          37.871538
        ]
      },
      "properties": {
        "id": "imls-marin-womens-hall-of-fame",
        "name": "Marin Women's Hall of Fame",
        "category": "recreation",
        "categoryColor": "#14B8A6",
        "area": "Marin County",
        "city": "Tiburon",
        "address": "Corinthian Yacht Club, Tiburon, CA",
        "description": "Since 1987, recognizes Marin women of distinction, preserves their stories, and inspires future generations. Operated by YWCA Golden Gate Silicon Vall...",
        "groups": [
          "everyone"
        ],
        "phone": "",
        "link": "https://yourywca.org/get-involved/events/marin-womens-hall-of-fame/",
        "linkText": "Visit Website"
      }
    },
    {
      "type": "Feature",
      "geometry": {
        "type": "Point",
        "coordinates": [
          -122.432154,
          37.80526
        ]
      },
      "properties": {
        "id": "imls-maritime-museum-san-francisco",
        "name": "Maritime Museum-San Francisco",
        "category": "recreation",
        "categoryColor": "#14B8A6",
        "area": "Bay Area",
        "city": "San Francisco",
        "address": "2 Marina Boulevard Building E, San Francisco, CA 94102",
        "description": "National Park Service museum in the historic Aquatic Park Bathhouse featuring West Coast maritime history and WPA-era art.",
        "groups": [
          "everyone"
        ],
        "phone": "(415) 561-6662",
        "link": "https://www.nps.gov/safr/planyourvisit/maritime-museum.htm",
        "linkText": "Learn More"
      }
    },
    {
      "type": "Feature",
      "geometry": {
        "type": "Point",
        "coordinates": [
          -122.004354,
          37.963383
        ]
      },
      "properties": {
        "id": "imls-markham-arboretum",
        "name": "Markham Arboretum",
        "category": "recreation",
        "categoryColor": "#14B8A6",
        "area": "Bay Area",
        "city": "Concord",
        "address": "1202 La Vista Ave, Concord, CA 94518",
        "description": "16-acre nature park featuring International Garden, Community Garden, and native plants. Volunteer-run with emphasis on quiet discovery.",
        "groups": [
          "everyone"
        ],
        "phone": "(925) 681-2968",
        "link": "https://markhamarboretum.org/",
        "linkText": "Visit Website"
      }
    },
    {
      "type": "Feature",
      "geometry": {
        "type": "Point",
        "coordinates": [
          -121.7207170230673,
          37.89174041547541
        ]
      },
      "properties": {
        "id": "ca-sp-marsh-creek-state-park",
        "name": "Marsh Creek State Park",
        "category": "recreation",
        "categoryColor": "#14B8A6",
        "area": "Contra Costa County",
        "city": "Brentwood",
        "address": "21520 Marsh Creek Road, Brentwood, CA, 94513",
        "description": "Marsh Creek State Park (Cowell Ranch/John Marsh) near Brentwood covers 3,659 acres of natural habitat and includes the historic John Marsh Home, compl...",
        "groups": [
          "everyone"
        ],
        "phone": "925-673-2891",
        "link": "http://www.parks.ca.gov/?page_id=525",
        "linkText": "Visit Website"
      }
    },
    {
      "type": "Feature",
      "geometry": {
        "type": "Point",
        "coordinates": [
          -121.8371215089993,
          37.25956366350673
        ]
      },
      "properties": {
        "id": "ca-sp-martial-cottle-park-sra",
        "name": "Martial Cottle Park SRA",
        "category": "recreation",
        "categoryColor": "#14B8A6",
        "area": "Santa Clara County",
        "city": "San Jose",
        "address": "5283 Snell Ave, San Jose, CA, 95136",
        "description": "Martial Cottle Park is a state recreation area in south San Jose operated by Santa Clara County Parks. It celebrates the valley's farming history and ...",
        "groups": [
          "everyone"
        ],
        "phone": "408-535-4060",
        "link": "http://www.parks.ca.gov/?page_id=23450",
        "linkText": "Visit Website"
      }
    },
    {
      "type": "Feature",
      "geometry": {
        "type": "Point",
        "coordinates": [
          -122.3109626272448,
          37.86423286765766
        ]
      },
      "properties": {
        "id": "ca-sp-mclaughlin-eastshore-sp-ss",
        "name": "McLaughlin Eastshore SP SS",
        "category": "recreation",
        "categoryColor": "#14B8A6",
        "area": "Alameda County",
        "city": "Berkeley",
        "address": "Eastshore Highway, Berkeley, CA, 94710",
        "description": "McLaughlin Eastshore State Park stretches along 8.5 miles of San Francisco Bay shoreline from Richmond to Oakland, including tidal marshes and mudflat...",
        "groups": [
          "everyone"
        ],
        "phone": "510-562-7275",
        "link": "http://www.parks.ca.gov/?page_id=520",
        "linkText": "Visit Website"
      }
    },
    {
      "type": "Feature",
      "geometry": {
        "type": "Point",
        "coordinates": [
          -122.432154,
          37.80526
        ]
      },
      "properties": {
        "id": "imls-mexican-museum",
        "name": "Mexican Museum",
        "category": "recreation",
        "categoryColor": "#14B8A6",
        "area": "Bay Area",
        "city": "San Francisco",
        "address": "2 Marina Boulevard Building D, San Francisco, CA 94102",
        "description": "First US museum devoted exclusively to Mexican, Chicano, and Latino art. Collection of 16,000+ art objects (currently relocating to Yerba Buena).",
        "groups": [
          "everyone"
        ],
        "phone": "(415) 202-9700",
        "link": "https://www.mexicanmuseum.org/",
        "linkText": "Learn More"
      }
    },
    {
      "type": "Feature",
      "geometry": {
        "type": "Point",
        "coordinates": [
          -122.5143703920364,
          37.54549125412203
        ]
      },
      "properties": {
        "id": "ca-sp-montara-sb",
        "name": "Montara SB",
        "category": "recreation",
        "categoryColor": "#14B8A6",
        "area": "San Mateo County",
        "city": "Montara",
        "address": "130 2nd St, Montara, CA, 94037",
        "description": "Montara State Beach is a sandy San Mateo coast beach surrounded by rocky outcrops, popular for beachcombing, surfing, and shore fishing. Across Highwa...",
        "groups": [
          "everyone"
        ],
        "phone": "650-726-8819",
        "link": "http://www.parks.ca.gov/?page_id=532",
        "linkText": "Visit Website"
      }
    },
    {
      "type": "Feature",
      "geometry": {
        "type": "Point",
        "coordinates": [
          -121.9254891500108,
          37.85203098602892
        ]
      },
      "properties": {
        "id": "ca-sp-mount-diablo-sp",
        "name": "Mount Diablo SP",
        "category": "recreation",
        "categoryColor": "#14B8A6",
        "area": "Contra Costa County",
        "city": "Walnut Creek",
        "address": "1300 North Gate Road, Walnut Creek, CA, 94598",
        "description": "Mount Diablo State Park is known for summit views that can stretch more than 100 miles on clear days. Hikers, bicyclists, equestrians, and campers enj...",
        "groups": [
          "everyone"
        ],
        "phone": "925-837-6129",
        "link": "http://www.parks.ca.gov/?page_id=517",
        "linkText": "Visit Website"
      }
    },
    {
      "type": "Feature",
      "geometry": {
        "type": "Point",
        "coordinates": [
          -122.6037352,
          37.9037441
        ]
      },
      "properties": {
        "id": "ca-sp-mount-tamalpais-sp",
        "name": "Mount Tamalpais SP",
        "category": "recreation",
        "categoryColor": "#14B8A6",
        "area": "Marin County",
        "city": "Mill Valley",
        "address": "3801 Panoramic Highway, Mill Valley, CA, 94941",
        "description": "Mount Tamalpais State Park rises from the heart of Marin County just north of the Golden Gate Bridge, with redwood forests, oak woodlands, and grassla...",
        "groups": [
          "everyone"
        ],
        "phone": "415-388-2070",
        "link": "http://www.parks.ca.gov/?page_id=471",
        "linkText": "Visit Website"
      }
    },
    {
      "type": "Feature",
      "geometry": {
        "type": "Point",
        "coordinates": [
          -122.5808047,
          37.89658027
        ]
      },
      "properties": {
        "id": "nps-muwo",
        "name": "Muir Woods National Monument",
        "category": "recreation",
        "categoryColor": "#14B8A6",
        "area": "Marin County",
        "city": "Mill Valley",
        "address": "Muir Woods National Monument, Mill Valley, CA, 94941",
        "description": "Muir Woods National Monument protects old-growth coast redwood trees, some over 1,000 years old. Walk among these ancient giants in one of the last re...",
        "groups": [
          "everyone"
        ],
        "phone": "",
        "link": "https://www.nps.gov/muwo/index.htm",
        "linkText": "Visit Website"
      }
    },
    {
      "type": "Feature",
      "geometry": {
        "type": "Point",
        "coordinates": [
          -122.4314174,
          37.8069681
        ]
      },
      "properties": {
        "id": "imls-museo-italo-americano",
        "name": "Museo Italo Americano",
        "category": "recreation",
        "categoryColor": "#14B8A6",
        "area": "Bay Area",
        "city": "San Francisco",
        "address": "2 Marina Blvd Building C, San Francisco, CA 94102",
        "description": "First US museum devoted to Italian and Italian-American art and culture, with galleries, library, and Italian language classes.",
        "groups": [
          "everyone"
        ],
        "phone": "(415) 673-2200",
        "link": "https://sfmuseo.org/",
        "linkText": "Learn More"
      }
    },
    {
      "type": "Feature",
      "geometry": {
        "type": "Point",
        "coordinates": [
          -122.388032,
          37.757056
        ]
      },
      "properties": {
        "id": "museum-craft-design",
        "name": "Museum of Craft and Design",
        "category": "recreation",
        "categoryColor": "#14B8A6",
        "area": "San Francisco",
        "city": "San Francisco",
        "address": "2569 Third Street, San Francisco, CA 94107",
        "description": "The Museum of Craft and Design (MCD) in San Francisco's Dogpatch neighborhood explores the creative process through contemporary craft and design. It'...",
        "groups": [
          "income-eligible",
          "college-students",
          "seniors",
          "veterans",
          "families",
          "first-responders",
          "everyone"
        ],
        "phone": "415-773-0303",
        "link": "https://sfmcd.org/visit/",
        "linkText": "Plan Visit"
      }
    },
    {
      "type": "Feature",
      "geometry": {
        "type": "Point",
        "coordinates": [
          -122.4030802,
          37.7803911
        ]
      },
      "properties": {
        "id": "imls-museum-of-performance-design",
        "name": "Museum of Performance & Design",
        "category": "recreation",
        "categoryColor": "#14B8A6",
        "area": "Bay Area",
        "city": "San Francisco",
        "address": "2200 Jerrold Avenue Ste T, San Francisco, CA 94124",
        "description": "Founded 1947, preserves Bay Area performing arts history with 3.5 million items including photos, costumes, and archives from SF Ballet, Opera, and mo...",
        "groups": [
          "everyone"
        ],
        "phone": "(415) 741-3531",
        "link": "https://www.mpdsf.org/",
        "linkText": "Visit Website"
      }
    },
    {
      "type": "Feature",
      "geometry": {
        "type": "Point",
        "coordinates": [
          -122.4409355,
          37.7854732
        ]
      },
      "properties": {
        "id": "imls-museum-of-russian-culture",
        "name": "Museum of Russian Culture",
        "category": "recreation",
        "categoryColor": "#14B8A6",
        "area": "Bay Area",
        "city": "San Francisco",
        "address": "2450 Sutter Street, San Francisco, CA 94115",
        "description": "Established 1948, features folk costumes, art, photographs from pre-revolutionary Russia, and WWII memorabilia. Free admission, open Wed & Sat 10:30am...",
        "groups": [
          "everyone"
        ],
        "phone": "(415) 921-4082",
        "link": "http://mrcsf.org/",
        "linkText": "Visit Website"
      }
    },
    {
      "type": "Feature",
      "geometry": {
        "type": "Point",
        "coordinates": [
          -122.40104,
          37.7869
        ]
      },
      "properties": {
        "id": "moad-museum",
        "name": "Museum of the African Diaspora (MoAD)",
        "category": "recreation",
        "categoryColor": "#14B8A6",
        "area": "San Francisco",
        "city": "San Francisco",
        "address": "685 Mission Street, San Francisco, CA 94105",
        "description": "The Museum of the African Diaspora (MoAD) in San Francisco celebrates the history, art, and cultural contributions of people of African descent. Locat...",
        "groups": [
          "income-eligible",
          "college-students",
          "veterans",
          "families",
          "everyone"
        ],
        "phone": "415-358-7200",
        "link": "https://www.moadsf.org/tickets",
        "linkText": "Get Tickets"
      }
    },
    {
      "type": "Feature",
      "geometry": {
        "type": "Point",
        "coordinates": [
          -122.000499,
          37.821
        ]
      },
      "properties": {
        "id": "imls-museum-of-the-san-ramon-valley",
        "name": "Museum of the San Ramon Valley",
        "category": "recreation",
        "categoryColor": "#14B8A6",
        "area": "Bay Area",
        "city": "Danville",
        "address": "205 Railroad Ave, Danville, CA 94506",
        "description": "Local history museum in the restored 1891 Southern Pacific Depot and 1888 schoolhouse, both on the National Register of Historic Places.",
        "groups": [
          "everyone"
        ],
        "phone": "(925) 837-3750",
        "link": "https://museumsrv.org/",
        "linkText": "Learn More"
      }
    },
    {
      "type": "Feature",
      "geometry": {
        "type": "Point",
        "coordinates": [
          -122.4173154,
          37.8097743
        ]
      },
      "properties": {
        "id": "imls-national-liberty-ship-memorial",
        "name": "National Liberty Ship Memorial (SS Jeremiah O'Brien)",
        "category": "recreation",
        "categoryColor": "#14B8A6",
        "area": "Bay Area",
        "city": "San Francisco",
        "address": "Pier 35 Embarcadero, San Francisco, CA 94102",
        "description": "Rare survivor of the 6,939-ship D-Day armada, one of only two operational Liberty ships remaining. National Historic Landmark.",
        "groups": [
          "everyone"
        ],
        "phone": "(415) 544-0100",
        "link": "https://ssjeremiahobrien.org/",
        "linkText": "Learn More"
      }
    },
    {
      "type": "Feature",
      "geometry": {
        "type": "Point",
        "coordinates": [
          -122.403956,
          37.787961
        ]
      },
      "properties": {
        "id": "imls-naturebridge",
        "name": "NatureBridge",
        "category": "recreation",
        "categoryColor": "#14B8A6",
        "area": "Bay Area",
        "city": "San Francisco",
        "address": "28 Geary Street Suite 650, San Francisco, CA 94108",
        "description": "Environmental education nonprofit since 1971. Programs for students at Yosemite and Golden Gate National Recreation Area (Marin Headlands).",
        "groups": [
          "everyone",
          "youth"
        ],
        "phone": "(415) 992-4700",
        "link": "https://naturebridge.org/",
        "linkText": "Visit Website"
      }
    },
    {
      "type": "Feature",
      "geometry": {
        "type": "Point",
        "coordinates": [
          -123.035618,
          38.714328
        ]
      },
      "properties": {
        "id": "recgov-fac-no-name-flat-day-use",
        "name": "No Name Flat Day Use",
        "category": "recreation",
        "categoryColor": "#14B8A6",
        "area": "Sonoma County",
        "city": "",
        "address": "",
        "description": "No Name Flat Day Use is a activity pass available through Recreation.gov.",
        "groups": [
          "everyone"
        ],
        "phone": "",
        "link": "https://www.recreation.gov/camping/campgrounds/AP22414",
        "linkText": "Make Reservation"
      }
    },
    {
      "type": "Feature",
      "geometry": {
        "type": "Point",
        "coordinates": [
          -121.05349,
          37.05938
        ]
      },
      "properties": {
        "id": "recgov-oneill-forebay",
        "name": "O'Neill Forebay",
        "category": "recreation",
        "categoryColor": "#14B8A6",
        "area": "Bay Area",
        "city": "",
        "address": "",
        "description": "O'Neill Dam and Forebay are joint Federal-State facilities located on San Luis Creek 2.5 miles downstream from San Luis Dam. O'Neill Forebay Dam is a ...",
        "groups": [
          "everyone"
        ],
        "phone": "209-826-1198",
        "link": "https://www.recreation.gov/search?q=O'Neill%20Forebay",
        "linkText": "Visit Recreation.gov"
      }
    },
    {
      "type": "Feature",
      "geometry": {
        "type": "Point",
        "coordinates": [
          -122.23488,
          38.56003
        ]
      },
      "properties": {
        "id": "recgov-fac-oak-shores-day-use-area-ca",
        "name": "OAK SHORES DAY USE AREA (CA)",
        "category": "recreation",
        "categoryColor": "#14B8A6",
        "area": "Napa County",
        "city": "",
        "address": "",
        "description": "Overview Nestled between Blue Ridge and Cedar Roughs east of Napa Valley, Lake Berryessa provides ample public recreation opportunities. Popular activ...",
        "groups": [
          "everyone"
        ],
        "phone": "707-966-2111",
        "link": "https://www.recreation.gov/camping/campgrounds/250000",
        "linkText": "Make Reservation"
      }
    },
    {
      "type": "Feature",
      "geometry": {
        "type": "Point",
        "coordinates": [
          -122.26453,
          37.79829
        ]
      },
      "properties": {
        "id": "oakland-museum",
        "name": "Oakland Museum of California",
        "category": "recreation",
        "categoryColor": "#14B8A6",
        "area": "Alameda County",
        "city": "Oakland",
        "address": "1000 Oak Street, Oakland, CA 94607",
        "description": "The Oakland Museum of California (OMCA) is a multidisciplinary museum celebrating California's art, history, and natural sciences. Located near Lake M...",
        "groups": [
          "income-eligible",
          "everyone"
        ],
        "phone": "510-318-8400",
        "link": "https://museumca.org/visit",
        "linkText": "Plan Visit"
      }
    },
    {
      "type": "Feature",
      "geometry": {
        "type": "Point",
        "coordinates": [
          -122.1478481,
          37.7509305
        ]
      },
      "properties": {
        "id": "imls-oakland-zoo",
        "name": "Oakland Zoo",
        "category": "recreation",
        "categoryColor": "#14B8A6",
        "area": "Bay Area",
        "city": "Oakland",
        "address": "9777 Golf Links Road, Oakland, CA 94601",
        "description": "Wildlife facility dedicated to animal conservation and education.",
        "groups": [
          "everyone"
        ],
        "phone": "(510) 632-9525",
        "link": "https://www.oaklandzoo.org/",
        "linkText": "Learn More"
      }
    },
    {
      "type": "Feature",
      "geometry": {
        "type": "Point",
        "coordinates": [
          -122.139591,
          37.7531488
        ]
      },
      "properties": {
        "id": "oakland-zoo",
        "name": "Oakland Zoo – Bay to Zoo",
        "category": "recreation",
        "categoryColor": "#14B8A6",
        "area": "Alameda County",
        "city": "Oakland",
        "address": "9777 Golf Links Road, Oakland, CA 94605",
        "description": "Oakland Zoo is home to over 850 native and exotic animals on 100 acres in the Oakland hills. The zoo is committed to conservation and education, featu...",
        "groups": [
          "income-eligible",
          "families",
          "youth"
        ],
        "phone": "510-632-9525",
        "link": "https://www.oaklandzoo.org/bay-to-zoo-program/",
        "linkText": "Get Tickets"
      }
    },
    {
      "type": "Feature",
      "geometry": {
        "type": "Point",
        "coordinates": [
          -122.5703992819958,
          38.1513189627345
        ]
      },
      "properties": {
        "id": "ca-sp-olompali-shp",
        "name": "Olompali SHP",
        "category": "recreation",
        "categoryColor": "#14B8A6",
        "area": "Marin County",
        "city": "Novato",
        "address": "8901 Redwood Blvd, Novato, CA, 94945",
        "description": "Olompali State Historic Park in Novato overlooks the Petaluma River and San Pablo Bay from the slopes of Mount Burdell. The Coast Miwok lived here fro...",
        "groups": [
          "everyone"
        ],
        "phone": "707-769-5652",
        "link": "http://www.parks.ca.gov/?page_id=465",
        "linkText": "Visit Website"
      }
    },
    {
      "type": "Feature",
      "geometry": {
        "type": "Point",
        "coordinates": [
          -121.9844941,
          37.5669046
        ]
      },
      "properties": {
        "id": "imls-pacific-bus-museum",
        "name": "Pacific Bus Museum",
        "category": "recreation",
        "categoryColor": "#14B8A6",
        "area": "Bay Area",
        "city": "Fremont",
        "address": "37974 Shinn Street, Fremont, CA 94536",
        "description": "Collection of 20+ fully-restored running buses from the 1920s-1990s. Open 1st and 3rd Saturday, 10am-2pm. $5 donation for adults.",
        "groups": [
          "everyone"
        ],
        "phone": "",
        "link": "https://pacbus.org/",
        "linkText": "Learn More"
      }
    },
    {
      "type": "Feature",
      "geometry": {
        "type": "Point",
        "coordinates": [
          -122.5027852258556,
          37.59727851582696
        ]
      },
      "properties": {
        "id": "ca-sp-pacifica-sb",
        "name": "Pacifica SB",
        "category": "recreation",
        "categoryColor": "#14B8A6",
        "area": "San Mateo County",
        "city": "Pacifica",
        "address": "5000 Pacific Coast Hwy, Pacifica, CA, 94044",
        "description": "Pacifica State Beach (Linda Mar) is a wide, crescent-shaped beach off Highway 1 in Pacifica, popular for surfing. It is operated by the City of Pacifi...",
        "groups": [
          "everyone"
        ],
        "phone": "650-738-7381",
        "link": "http://www.parks.ca.gov/?page_id=524",
        "linkText": "Visit Website"
      }
    },
    {
      "type": "Feature",
      "geometry": {
        "type": "Point",
        "coordinates": [
          -122.381464,
          37.59514
        ]
      },
      "properties": {
        "id": "imls-peninsula-museum-of-art",
        "name": "Peninsula Museum of Art",
        "category": "recreation",
        "categoryColor": "#14B8A6",
        "area": "Bay Area",
        "city": "Burlingame",
        "address": "1777 California Drive, Burlingame, CA 94010",
        "description": "Nonprofit art museum (physical locations closed; virtual exhibitions available online).",
        "groups": [
          "everyone"
        ],
        "phone": "",
        "link": "https://www.peninsulamuseum.org/",
        "linkText": "Learn More"
      }
    },
    {
      "type": "Feature",
      "geometry": {
        "type": "Point",
        "coordinates": [
          -122.409177156633,
          37.27395490174883
        ]
      },
      "properties": {
        "id": "ca-sp-pescadero-sb",
        "name": "Pescadero SB",
        "category": "recreation",
        "categoryColor": "#14B8A6",
        "area": "San Mateo County",
        "city": "Pescadero",
        "address": "13618 Cabrillo Hwy, Pescadero, CA, 94060",
        "description": "Pescadero State Beach has a long sandy beach, rocky tide pools, and dramatic coastal views. Across Highway 1, Pescadero Marsh Natural Preserve is one ...",
        "groups": [
          "everyone"
        ],
        "phone": "650-726-8819",
        "link": "http://www.parks.ca.gov/?page_id=522",
        "linkText": "Visit Website"
      }
    },
    {
      "type": "Feature",
      "geometry": {
        "type": "Point",
        "coordinates": [
          -122.5826451420001,
          38.25449031951841
        ]
      },
      "properties": {
        "id": "ca-sp-petaluma-adobe-shp",
        "name": "Petaluma Adobe SHP",
        "category": "recreation",
        "categoryColor": "#14B8A6",
        "area": "Sonoma County",
        "city": "Petaluma",
        "address": "3325 Adobe Road, Petaluma, CA, 94954",
        "description": "Petaluma Adobe State Historic Park preserves the huge adobe building at the center of one of California's most prosperous private ranchos during the M...",
        "groups": [
          "everyone"
        ],
        "phone": "707-762-4871",
        "link": "http://www.parks.ca.gov/?page_id=474",
        "linkText": "Visit Website"
      }
    },
    {
      "type": "Feature",
      "geometry": {
        "type": "Point",
        "coordinates": [
          -122.3935710503921,
          37.18259595793476
        ]
      },
      "properties": {
        "id": "ca-sp-pigeon-point-light-station-shp",
        "name": "Pigeon Point Light Station SHP",
        "category": "recreation",
        "categoryColor": "#14B8A6",
        "area": "San Mateo County",
        "city": "Pescadero",
        "address": "210 Pigeon Point Road, Pescadero, CA, 94060",
        "description": "Pigeon Point Light Station State Historic Park sits on a cliff about 50 miles south of San Francisco. Its 115-foot lighthouse, one of the tallest on t...",
        "groups": [
          "everyone"
        ],
        "phone": "650-879-2120",
        "link": "http://www.parks.ca.gov/?page_id=533",
        "linkText": "Visit Website"
      }
    },
    {
      "type": "Feature",
      "geometry": {
        "type": "Point",
        "coordinates": [
          -122.3127829,
          37.9169145
        ]
      },
      "properties": {
        "id": "imls-playland-not-at-the-beach",
        "name": "Playland-Not-At-The-Beach",
        "category": "recreation",
        "categoryColor": "#14B8A6",
        "area": "Bay Area",
        "city": "El Cerrito",
        "address": "10979 San Pablo Ave, El Cerrito, CA 94530",
        "description": "Nonprofit museum celebrating bygone amusements, featuring artifacts from San Francisco's historic Playland at the Beach and Sutro Baths.",
        "groups": [
          "everyone"
        ],
        "phone": "(510) 592-3002",
        "link": "https://www.playland-not-at-the-beach.org/",
        "linkText": "Learn More"
      }
    },
    {
      "type": "Feature",
      "geometry": {
        "type": "Point",
        "coordinates": [
          -122.5193189441369,
          37.53616069948441
        ]
      },
      "properties": {
        "id": "ca-sp-point-montara-light-station",
        "name": "Point Montara Light Station",
        "category": "recreation",
        "categoryColor": "#14B8A6",
        "area": "San Mateo County",
        "city": "Montara",
        "address": "8800 Cabrillo Hwy, Montara, CA, 94037",
        "description": "Point Montara Light Station is a historic lighthouse on a bluff above the Pacific in Montara, about 25 miles south of San Francisco. It is home to HI ...",
        "groups": [
          "everyone"
        ],
        "phone": "650-728-7177",
        "link": "https://www.hiusa.org/find-hostels/california/montara-8800-cabrillo-highway",
        "linkText": "Visit Website"
      }
    },
    {
      "type": "Feature",
      "geometry": {
        "type": "Point",
        "coordinates": [
          -122.8797804,
          38.05511241
        ]
      },
      "properties": {
        "id": "nps-pore",
        "name": "Point Reyes National Seashore",
        "category": "recreation",
        "categoryColor": "#14B8A6",
        "area": "Marin County",
        "city": "Point Reyes Station",
        "address": "1 Bear Valley Road, Point Reyes Station, CA, 94956",
        "description": "Point Reyes National Seashore features dramatic coastal cliffs, pristine beaches, and diverse wildlife including tule elk. Explore the historic lighth...",
        "groups": [
          "everyone"
        ],
        "phone": "",
        "link": "https://www.nps.gov/pore/index.htm",
        "linkText": "Visit Website"
      }
    },
    {
      "type": "Feature",
      "geometry": {
        "type": "Point",
        "coordinates": [
          -122.4052291588757,
          37.29981890473393
        ]
      },
      "properties": {
        "id": "ca-sp-pomponio-sb",
        "name": "Pomponio SB",
        "category": "recreation",
        "categoryColor": "#14B8A6",
        "area": "San Mateo County",
        "city": "San Gregorio",
        "address": "Cabrillo Highway, San Gregorio, CA, 94074",
        "description": "Pomponio State Beach is a rugged San Mateo coast beach about 12 miles south of Half Moon Bay, where bluffs, broad sandy flats, and Pomponio Creek meet...",
        "groups": [
          "everyone"
        ],
        "phone": "650-726-8819",
        "link": "http://www.parks.ca.gov/?page_id=521",
        "linkText": "Visit Website"
      }
    },
    {
      "type": "Feature",
      "geometry": {
        "type": "Point",
        "coordinates": [
          -122.0301603,
          38.05685472
        ]
      },
      "properties": {
        "id": "nps-poch",
        "name": "Port Chicago Naval Magazine National Memorial",
        "category": "recreation",
        "categoryColor": "#14B8A6",
        "area": "Contra Costa County",
        "city": "Martinez",
        "address": "4202 Alhambra Ave, Martinez, CA, 94553",
        "description": "Port Chicago Naval Magazine National Memorial commemorates the 1944 explosion that killed 320 men and the subsequent mutiny trial of African American ...",
        "groups": [
          "everyone"
        ],
        "phone": "",
        "link": "https://www.nps.gov/poch/index.htm",
        "linkText": "Visit Website"
      }
    },
    {
      "type": "Feature",
      "geometry": {
        "type": "Point",
        "coordinates": [
          -122.2123671259378,
          37.26237291554725
        ]
      },
      "properties": {
        "id": "ca-sp-portola-redwoods-sp",
        "name": "Portola Redwoods SP",
        "category": "recreation",
        "categoryColor": "#14B8A6",
        "area": "San Mateo County",
        "city": "La Honda",
        "address": "9000 Portola State Park Road, La Honda, CA, 94020",
        "description": "Portola Redwoods State Park offers a quiet getaway in the Santa Cruz Mountains, with trails along creeks where coast redwoods stand among ferns and re...",
        "groups": [
          "everyone"
        ],
        "phone": "650-948-9098",
        "link": "http://www.parks.ca.gov/?page_id=539",
        "linkText": "Visit Website"
      }
    },
    {
      "type": "Feature",
      "geometry": {
        "type": "Point",
        "coordinates": [
          -121.860157,
          37.319986
        ]
      },
      "properties": {
        "id": "imls-portuguese-heritage-society-of-california",
        "name": "Portuguese Heritage Society of California",
        "category": "recreation",
        "categoryColor": "#14B8A6",
        "area": "Bay Area",
        "city": "San Jose",
        "address": "1650 Senter Road, San Jose, CA 95110",
        "description": "Operates the Portuguese Historical Museum at History Park and hosts the annual Dia de Portugal Festival on the second Saturday of June.",
        "groups": [
          "everyone"
        ],
        "phone": "(408) 272-1222",
        "link": "https://portuguesemuseum.org/",
        "linkText": "Visit Website"
      }
    },
    {
      "type": "Feature",
      "geometry": {
        "type": "Point",
        "coordinates": [
          -122.4671,
          37.797
        ]
      },
      "properties": {
        "id": "nps-prsf",
        "name": "Presidio of San Francisco",
        "category": "recreation",
        "categoryColor": "#14B8A6",
        "area": "San Francisco",
        "city": "San Francisco",
        "address": "Presidio of San Francisco, San Francisco, CA, 94129",
        "description": "Presidio of San Francisco, a former military post turned national park, offers trails, historic architecture, art installations, and stunning views of...",
        "groups": [
          "everyone"
        ],
        "phone": "",
        "link": "https://www.nps.gov/prsf/index.htm",
        "linkText": "Visit Website"
      }
    },
    {
      "type": "Feature",
      "geometry": {
        "type": "Point",
        "coordinates": [
          -123.016841,
          38.716435
        ]
      },
      "properties": {
        "id": "recgov-fac-public-boat-ramp-lake-sonoma",
        "name": "Public Boat Ramp (Lake Sonoma)",
        "category": "recreation",
        "categoryColor": "#14B8A6",
        "area": "Sonoma County",
        "city": "",
        "address": "",
        "description": "Public Boat Ramp (Lake Sonoma) is a activity pass available through Recreation.gov.",
        "groups": [
          "everyone"
        ],
        "phone": "",
        "link": "https://www.recreation.gov/camping/campgrounds/AP22415",
        "linkText": "Make Reservation"
      }
    },
    {
      "type": "Feature",
      "geometry": {
        "type": "Point",
        "coordinates": [
          -122.28812,
          38.62544
        ]
      },
      "properties": {
        "id": "recgov-fac-putah-canyon-day-use-and-boat-launch",
        "name": "Putah Canyon Day Use and Boat Launch",
        "category": "recreation",
        "categoryColor": "#14B8A6",
        "area": "Napa County",
        "city": "",
        "address": "",
        "description": "Putah Canyon Day Use and Boat Launch is a activity pass available through Recreation.gov.",
        "groups": [
          "everyone"
        ],
        "phone": "",
        "link": "https://www.recreation.gov/camping/campgrounds/AP2228",
        "linkText": "Make Reservation"
      }
    },
    {
      "type": "Feature",
      "geometry": {
        "type": "Point",
        "coordinates": [
          -122.769744,
          38.463092
        ]
      },
      "properties": {
        "id": "imls-redwood-empire-live-steamers",
        "name": "Redwood Empire Live Steamers",
        "category": "recreation",
        "categoryColor": "#14B8A6",
        "area": "Bay Area",
        "city": "Santa Rosa",
        "address": "1705 Fulton Road, Santa Rosa, CA 95403",
        "description": "Volunteer-run miniature railroad offering free train rides May-October, first weekend of the month, noon-4pm. Features steam and diesel locomotives on...",
        "groups": [
          "everyone",
          "families"
        ],
        "phone": "",
        "link": "https://www.facebook.com/RedwoodEmpireLiveSteamers/",
        "linkText": "Visit Website"
      }
    },
    {
      "type": "Feature",
      "geometry": {
        "type": "Point",
        "coordinates": [
          -122.5951613472942,
          38.65768000193324
        ]
      },
      "properties": {
        "id": "ca-sp-robert-louis-stevenson-sp",
        "name": "Robert Louis Stevenson SP",
        "category": "recreation",
        "categoryColor": "#14B8A6",
        "area": "Napa County",
        "city": "Calistoga",
        "address": "4777 Highway 29, Calistoga, CA, 94515",
        "description": "Robert Louis Stevenson State Park is a 5,272-acre undeveloped park north of Calistoga with trails to the summit of Mount St. Helena and views of Napa,...",
        "groups": [
          "everyone"
        ],
        "phone": "",
        "link": "http://www.parks.ca.gov/?page_id=472",
        "linkText": "Visit Website"
      }
    },
    {
      "type": "Feature",
      "geometry": {
        "type": "Point",
        "coordinates": [
          -122.2716871924683,
          37.76617795332411
        ]
      },
      "properties": {
        "id": "ca-sp-robert-w-crown-memorial-sb",
        "name": "Robert W Crown Memorial SB",
        "category": "recreation",
        "categoryColor": "#14B8A6",
        "area": "Alameda County",
        "city": "Alameda",
        "address": "McKay Ave, Alameda, CA, 94501",
        "description": "Robert W. Crown Memorial State Beach in Alameda has 2.5 miles of bay beach bordered by lawns, picnic areas, and a bike trail, plus the Crab Cove Visit...",
        "groups": [
          "everyone"
        ],
        "phone": "",
        "link": "http://www.parks.ca.gov/?page_id=526",
        "linkText": "Visit Website"
      }
    },
    {
      "type": "Feature",
      "geometry": {
        "type": "Point",
        "coordinates": [
          -121.922884,
          37.333065
        ]
      },
      "properties": {
        "id": "imls-rosicrucian-egyptian-museum",
        "name": "Rosicrucian Egyptian Museum",
        "category": "recreation",
        "categoryColor": "#14B8A6",
        "area": "Bay Area",
        "city": "San Jose",
        "address": "1660 Park Ave, San Jose, CA 95110",
        "description": "Largest collection of Egyptian artifacts on exhibit in western North America.",
        "groups": [
          "everyone"
        ],
        "phone": "(408) 947-3630",
        "link": "https://www.egyptianmuseum.org/",
        "linkText": "Learn More"
      }
    },
    {
      "type": "Feature",
      "geometry": {
        "type": "Point",
        "coordinates": [
          -121.9221987,
          37.3337346
        ]
      },
      "properties": {
        "id": "imls-rosicrucian-planetarium",
        "name": "Rosicrucian Planetarium",
        "category": "recreation",
        "categoryColor": "#14B8A6",
        "area": "Bay Area",
        "city": "San Jose",
        "address": "1342 Naglee Avenue, San Jose, CA 95110",
        "description": "Part of the Rosicrucian Egyptian Museum, featuring astronomy shows and one of the largest Egyptian artifact collections in the western United States.",
        "groups": [
          "everyone"
        ],
        "phone": "",
        "link": "https://egyptianmuseum.org/",
        "linkText": "Visit Website"
      }
    },
    {
      "type": "Feature",
      "geometry": {
        "type": "Point",
        "coordinates": [
          -122.360156,
          37.90999027
        ]
      },
      "properties": {
        "id": "nps-rori",
        "name": "Rosie the Riveter WWII Home Front National Historical Park",
        "category": "recreation",
        "categoryColor": "#14B8A6",
        "area": "Contra Costa County",
        "city": "Richmond",
        "address": "1414 Harbour Way South, Suite 3000, Richmond, CA, 94804",
        "description": "Rosie the Riveter/WWII Home Front National Historical Park commemorates the contributions of American civilians on the World War II home front, especi...",
        "groups": [
          "everyone"
        ],
        "phone": "",
        "link": "https://www.nps.gov/rori/index.htm",
        "linkText": "Visit Website"
      }
    },
    {
      "type": "Feature",
      "geometry": {
        "type": "Point",
        "coordinates": [
          -122.475493,
          37.8399995
        ]
      },
      "properties": {
        "id": "recgov-s-f-bay-model-regional-visitor-center",
        "name": "S F Bay Model Regional Visitor Center",
        "category": "recreation",
        "categoryColor": "#14B8A6",
        "area": "Marin County",
        "city": "",
        "address": "",
        "description": "The Bay Model was built in 1957 as a research tool to test the impact of proposed changes to San Francisco Bay and its related waterways. The model ha...",
        "groups": [
          "everyone"
        ],
        "phone": "(415) 332-3871",
        "link": "https://www.recreation.gov/search?q=S%20F%20Bay%20Model%20Regional%20Visitor%20Center",
        "linkText": "Visit Recreation.gov"
      }
    },
    {
      "type": "Feature",
      "geometry": {
        "type": "Point",
        "coordinates": [
          -123.332710445075,
          38.56710593730674
        ]
      },
      "properties": {
        "id": "ca-sp-salt-point-sp",
        "name": "Salt Point SP",
        "category": "recreation",
        "categoryColor": "#14B8A6",
        "area": "Sonoma County",
        "city": "Cazadero",
        "address": "25050 Coast Hwy, Cazadero, CA, 95421",
        "description": "Salt Point State Park includes six miles of rugged Sonoma coastline with coves, sandstone cliffs, forested hills, prairies, a pygmy forest, and an und...",
        "groups": [
          "everyone"
        ],
        "phone": "",
        "link": "http://www.parks.ca.gov/?page_id=453",
        "linkText": "Visit Website"
      }
    },
    {
      "type": "Feature",
      "geometry": {
        "type": "Point",
        "coordinates": [
          -122.7295612901378,
          38.01959494091057
        ]
      },
      "properties": {
        "id": "ca-sp-samuel-p-taylor-sp",
        "name": "Samuel P Taylor SP",
        "category": "recreation",
        "categoryColor": "#14B8A6",
        "area": "Marin County",
        "city": "Lagunitas",
        "address": "8888 Sir Francis Drake Blvd, Lagunitas, CA, 94938",
        "description": "Samuel P. Taylor State Park in west Marin has 2,882 acres of redwood groves along Lagunitas Creek, oak grasslands, and hikes to Barnabe Peak.",
        "groups": [
          "everyone"
        ],
        "phone": "",
        "link": "http://www.parks.ca.gov/?page_id=469",
        "linkText": "Visit Website"
      }
    },
    {
      "type": "Feature",
      "geometry": {
        "type": "Point",
        "coordinates": [
          -122.4347381296461,
          37.69649004640326
        ]
      },
      "properties": {
        "id": "ca-sp-san-bruno-mountain-sp",
        "name": "San Bruno Mountain SP",
        "category": "recreation",
        "categoryColor": "#14B8A6",
        "area": "San Mateo County",
        "city": "Daly City",
        "address": "555 Guadalupe Canyon Parkway, Daly City, CA, 94014",
        "description": "San Bruno Mountain State Park near Daly City and Brisbane offers hiking trails, habitat for rare plants and endangered butterflies, and views of San F...",
        "groups": [
          "everyone"
        ],
        "phone": "",
        "link": "http://www.parks.ca.gov/?page_id=518",
        "linkText": "Visit Website"
      }
    },
    {
      "type": "Feature",
      "geometry": {
        "type": "Point",
        "coordinates": [
          -122.019803,
          38.210108
        ]
      },
      "properties": {
        "id": "recgov-san-francisco-bay-national-estuarine-research-rese",
        "name": "San Francisco Bay National Estuarine Research Reserve",
        "category": "recreation",
        "categoryColor": "#14B8A6",
        "area": "San Francisco",
        "city": "",
        "address": "",
        "description": "The San Francisco Bay National Estuarine Research Reserve comprises two components located along the salinity gradient of the San Francisco Bay. The r...",
        "groups": [
          "everyone"
        ],
        "phone": "415-338-3703",
        "link": "https://www.recreation.gov/search?q=San%20Francisco%20Bay%20National%20Estuarine%20Research%20Reserve",
        "linkText": "Visit Recreation.gov"
      }
    },
    {
      "type": "Feature",
      "geometry": {
        "type": "Point",
        "coordinates": [
          -122.4244415,
          37.81005871
        ]
      },
      "properties": {
        "id": "nps-safr",
        "name": "San Francisco Maritime National Historical Park",
        "category": "recreation",
        "categoryColor": "#14B8A6",
        "area": "San Francisco",
        "city": "San Francisco",
        "address": "2905 Hyde Street, San Francisco, CA, 94109",
        "description": "San Francisco Maritime National Historical Park preserves a fleet of historic vessels and the maritime heritage of the Pacific Coast. Visit Hyde Stree...",
        "groups": [
          "everyone"
        ],
        "phone": "",
        "link": "https://www.nps.gov/safr/index.htm",
        "linkText": "Visit Website"
      }
    },
    {
      "type": "Feature",
      "geometry": {
        "type": "Point",
        "coordinates": [
          -122.401702,
          37.786078
        ]
      },
      "properties": {
        "id": "sfmoma",
        "name": "San Francisco Museum of Modern Art (SFMOMA)",
        "category": "recreation",
        "categoryColor": "#14B8A6",
        "area": "San Francisco",
        "city": "San Francisco",
        "address": "151 Third Street, San Francisco, CA 94103",
        "description": "SFMOMA is one of the largest museums of modern and contemporary art in the United States, featuring an expansive collection of painting, sculpture, ph...",
        "groups": [
          "income-eligible",
          "college-students",
          "veterans",
          "youth",
          "families",
          "everyone"
        ],
        "phone": "415-357-4000",
        "link": "https://www.sfmoma.org/deals-discounts/",
        "linkText": "Plan Visit"
      }
    },
    {
      "type": "Feature",
      "geometry": {
        "type": "Point",
        "coordinates": [
          -122.500579,
          37.731184
        ]
      },
      "properties": {
        "id": "imls-san-francisco-zoological-gardens",
        "name": "San Francisco Zoo & Gardens",
        "category": "recreation",
        "categoryColor": "#14B8A6",
        "area": "Bay Area",
        "city": "San Francisco",
        "address": "1 Zoo Road, San Francisco, CA 94102",
        "description": "AZA-accredited 100-acre zoo with 2,000+ animals including grizzlies, gorillas, and the largest outdoor lemur habitat in the US.",
        "groups": [
          "everyone"
        ],
        "phone": "(415) 753-7080",
        "link": "https://www.sfzoo.org/",
        "linkText": "Learn More"
      }
    },
    {
      "type": "Feature",
      "geometry": {
        "type": "Point",
        "coordinates": [
          -122.4012701603493,
          37.32315790701678
        ]
      },
      "properties": {
        "id": "ca-sp-san-gregorio-sb",
        "name": "San Gregorio SB",
        "category": "recreation",
        "categoryColor": "#14B8A6",
        "area": "San Mateo County",
        "city": "San Gregorio",
        "address": "La Honda Rd, San Gregorio, CA, 94074",
        "description": "San Gregorio State Beach, south of Half Moon Bay, is a wide sandy beach with coastal bluffs and a driftwood-strewn estuary that is home to many birds.",
        "groups": [
          "everyone"
        ],
        "phone": "",
        "link": "http://www.parks.ca.gov/?page_id=529",
        "linkText": "Visit Website"
      }
    },
    {
      "type": "Feature",
      "geometry": {
        "type": "Point",
        "coordinates": [
          -121.890042,
          37.3336702
        ]
      },
      "properties": {
        "id": "sj-museum-art",
        "name": "San Jose Museum of Art",
        "category": "recreation",
        "categoryColor": "#14B8A6",
        "area": "Santa Clara County",
        "city": "San Jose",
        "address": "110 South Market Street, San Jose, CA 95113",
        "description": "The San Jose Museum of Art is the leading museum of modern and contemporary art in Silicon Valley, located in a beautiful historic building in downtow...",
        "groups": [
          "income-eligible",
          "everyone"
        ],
        "phone": "408-271-6840",
        "link": "https://sjmusart.org/specials",
        "linkText": "Plan Visit"
      }
    },
    {
      "type": "Feature",
      "geometry": {
        "type": "Point",
        "coordinates": [
          -121.44218,
          36.82716
        ]
      },
      "properties": {
        "id": "recgov-san-justo-reservoir",
        "name": "San Justo Reservoir",
        "category": "recreation",
        "categoryColor": "#14B8A6",
        "area": "Bay Area",
        "city": "",
        "address": "",
        "description": "San Justo Dam and Reservoir are features of the San Felipe Project. The reservoir is approximately 3 miles southwest of Hollister, California . Facili...",
        "groups": [
          "everyone"
        ],
        "phone": "408-637-8218",
        "link": "https://www.recreation.gov/search?q=San%20Justo%20Reservoir",
        "linkText": "Visit Recreation.gov"
      }
    },
    {
      "type": "Feature",
      "geometry": {
        "type": "Point",
        "coordinates": [
          -121.06637,
          37.03218
        ]
      },
      "properties": {
        "id": "recgov-san-luis-reservoir",
        "name": "San Luis Reservoir",
        "category": "recreation",
        "categoryColor": "#14B8A6",
        "area": "Bay Area",
        "city": "",
        "address": "",
        "description": "Recreation area lakes include O'Neill Forebay, San Luis Reservoir, and Los Banos Creek Reservoir. All are part of the California Water Project and ope...",
        "groups": [
          "everyone"
        ],
        "phone": "209-826-1197",
        "link": "https://www.recreation.gov/search?q=San%20Luis%20Reservoir",
        "linkText": "Visit Recreation.gov"
      }
    },
    {
      "type": "Feature",
      "geometry": {
        "type": "Point",
        "coordinates": [
          -122.46369,
          38.140338
        ]
      },
      "properties": {
        "id": "recgov-san-pablo-bay-national-wildlife-refuge",
        "name": "San Pablo Bay National Wildlife Refuge",
        "category": "recreation",
        "categoryColor": "#14B8A6",
        "area": "Napa County",
        "city": "",
        "address": "",
        "description": "In response to rapidly disappearing wetlands and its prime location within the Pacific Flyway, the refuge was created in 1974 to protect migratory bir...",
        "groups": [
          "everyone"
        ],
        "phone": "707-769-4200",
        "link": "https://www.recreation.gov/search?q=San%20Pablo%20Bay%20National%20Wildlife%20Refuge",
        "linkText": "Visit Recreation.gov"
      }
    },
    {
      "type": "Feature",
      "geometry": {
        "type": "Point",
        "coordinates": [
          -122.4941167,
          37.5891523
        ]
      },
      "properties": {
        "id": "imls-sanchez-art-center",
        "name": "Sanchez Art Center",
        "category": "recreation",
        "categoryColor": "#14B8A6",
        "area": "Bay Area",
        "city": "Pacifica",
        "address": "1220-B Linda Mar Blvd, Pacifica, CA 94044",
        "description": "Nonprofit arts center with three exhibition galleries and annual juried shows. Free admission. Home to the Art Guild of Pacifica.",
        "groups": [
          "everyone"
        ],
        "phone": "(650) 355-1894",
        "link": "http://www.sanchezartcenter.org/",
        "linkText": "Learn More"
      }
    },
    {
      "type": "Feature",
      "geometry": {
        "type": "Point",
        "coordinates": [
          -123.1090133950566,
          38.43090494412414
        ]
      },
      "properties": {
        "id": "ca-sp-sonoma-coast-sp",
        "name": "Sonoma Coast SP",
        "category": "recreation",
        "categoryColor": "#14B8A6",
        "area": "Sonoma County",
        "city": "Bodega Bay",
        "address": "Keefe Ave, Bodega Bay, CA, 94923",
        "description": "Sonoma Coast State Park is a series of beaches from Bodega Bay to the Russian River with coves, headlands, natural arches, tide pools, and some of the...",
        "groups": [
          "everyone"
        ],
        "phone": "",
        "link": "http://www.parks.ca.gov/?page_id=451",
        "linkText": "Visit Website"
      }
    },
    {
      "type": "Feature",
      "geometry": {
        "type": "Point",
        "coordinates": [
          -122.4609826891494,
          38.29429753035416
        ]
      },
      "properties": {
        "id": "ca-sp-sonoma-shp",
        "name": "Sonoma SHP",
        "category": "recreation",
        "categoryColor": "#14B8A6",
        "area": "Sonoma County",
        "city": "Sonoma",
        "address": "14 East Spain Street, Sonoma, CA, 95476",
        "description": "Sonoma State Historic Park preserves historic sites around Sonoma Plaza, including Mission San Francisco Solano, the Sonoma Barracks, and General Vall...",
        "groups": [
          "everyone"
        ],
        "phone": "",
        "link": "http://www.parks.ca.gov/?page_id=479",
        "linkText": "Visit Website"
      }
    },
    {
      "type": "Feature",
      "geometry": {
        "type": "Point",
        "coordinates": [
          -122.458078,
          38.290988
        ]
      },
      "properties": {
        "id": "imls-sonoma-valley-museum-of-art",
        "name": "Sonoma Valley Museum of Art",
        "category": "recreation",
        "categoryColor": "#14B8A6",
        "area": "Bay Area",
        "city": "Sonoma",
        "address": "551 Broadway, Sonoma, CA 95476",
        "description": "Contemporary and modern art museum one block from Sonoma's historic Town Plaza. Free admission on Wednesdays.",
        "groups": [
          "everyone"
        ],
        "phone": "(707) 939-7862",
        "link": "https://svma.org/",
        "linkText": "Learn More"
      }
    },
    {
      "type": "Feature",
      "geometry": {
        "type": "Point",
        "coordinates": [
          -123.009352,
          38.707166
        ]
      },
      "properties": {
        "id": "recgov-fac-south-lake-trailhead",
        "name": "South Lake Trailhead",
        "category": "recreation",
        "categoryColor": "#14B8A6",
        "area": "Sonoma County",
        "city": "",
        "address": "",
        "description": "South Lake Trailhead is a activity pass available through Recreation.gov.",
        "groups": [
          "everyone"
        ],
        "phone": "",
        "link": "https://www.recreation.gov/camping/campgrounds/AP22416",
        "linkText": "Make Reservation"
      }
    },
    {
      "type": "Feature",
      "geometry": {
        "type": "Point",
        "coordinates": [
          -121.4955,
          38.370946
        ]
      },
      "properties": {
        "id": "recgov-stone-lakes-national-wildlife-refuge",
        "name": "Stone Lakes National Wildlife Refuge",
        "category": "recreation",
        "categoryColor": "#14B8A6",
        "area": "Solano County",
        "city": "",
        "address": "",
        "description": "Established in 1992, Stone Lakes National Wildlife Refuge is an urban refuge located 10 miles from downtown Sacramento sandwiched between the city of ...",
        "groups": [
          "everyone"
        ],
        "phone": "916-775-4421",
        "link": "https://www.recreation.gov/search?q=Stone%20Lakes%20National%20Wildlife%20Refuge",
        "linkText": "Visit Recreation.gov"
      }
    },
    {
      "type": "Feature",
      "geometry": {
        "type": "Point",
        "coordinates": [
          -122.5143303083101,
          38.43786799040365
        ]
      },
      "properties": {
        "id": "ca-sp-sugarloaf-ridge-sp",
        "name": "Sugarloaf Ridge SP",
        "category": "recreation",
        "categoryColor": "#14B8A6",
        "area": "Sonoma County",
        "city": "Kenwood",
        "address": "2605 Adobe Canyon Road, Kenwood, CA, 95452",
        "description": "Sugarloaf Ridge State Park near Kenwood contains the headwaters of Sonoma Creek and trails to the summit of Bald Mountain. It is operated by the nonpr...",
        "groups": [
          "everyone"
        ],
        "phone": "",
        "link": "http://www.parks.ca.gov/?page_id=481",
        "linkText": "Visit Website"
      }
    },
    {
      "type": "Feature",
      "geometry": {
        "type": "Point",
        "coordinates": [
          -122.0254814,
          37.3564687
        ]
      },
      "properties": {
        "id": "imls-sunnyvale-heritage-park-museum",
        "name": "Sunnyvale Heritage Park Museum",
        "category": "recreation",
        "categoryColor": "#14B8A6",
        "area": "Bay Area",
        "city": "Sunnyvale",
        "address": "570 East Remington Drive, Sunnyvale, CA 94085",
        "description": "Historical museum in a replica of the 1850 Martin Murphy House, with heritage orchard and agricultural history exhibits. Free admission.",
        "groups": [
          "everyone"
        ],
        "phone": "(408) 749-0220",
        "link": "https://heritageparkmuseum.org/",
        "linkText": "Learn More"
      }
    },
    {
      "type": "Feature",
      "geometry": {
        "type": "Point",
        "coordinates": [
          -122.754166667,
          38.759722222
        ]
      },
      "properties": {
        "id": "recgov-the-geysers",
        "name": "The Geysers",
        "category": "recreation",
        "categoryColor": "#14B8A6",
        "area": "Sonoma County",
        "city": "",
        "address": "",
        "description": "The Geysers encompasses about 7,100 acres of public lands and straddles the Lake County/Sonoma County line. The Geysers is administered by BLM's Ukiah...",
        "groups": [
          "everyone"
        ],
        "phone": "707-468-4000",
        "link": "http://bit.ly/2TXXwGo",
        "linkText": "Visit Recreation.gov"
      }
    },
    {
      "type": "Feature",
      "geometry": {
        "type": "Point",
        "coordinates": [
          -121.8901566,
          37.331404
        ]
      },
      "properties": {
        "id": "the-tech-interactive",
        "name": "The Tech Interactive",
        "category": "recreation",
        "categoryColor": "#14B8A6",
        "area": "Santa Clara County",
        "city": "San Jose",
        "address": "201 South Market Street, San Jose, CA 95113",
        "description": "The Tech Interactive (formerly The Tech Museum) is a hands-on science and technology center in downtown San Jose. Featuring innovative exhibits on rob...",
        "groups": [
          "income-eligible",
          "everyone"
        ],
        "phone": "408-294-8324",
        "link": "https://www.thetech.org/visit/museums-for-all/museums-for-all/",
        "linkText": "Plan Visit"
      }
    },
    {
      "type": "Feature",
      "geometry": {
        "type": "Point",
        "coordinates": [
          -122.4970538791215,
          37.69776794764287
        ]
      },
      "properties": {
        "id": "ca-sp-thornton-sb",
        "name": "Thornton SB",
        "category": "recreation",
        "categoryColor": "#14B8A6",
        "area": "San Mateo County",
        "city": "Daly City",
        "address": "1 Skyline Drive, Daly City, CA, 94014",
        "description": "Thornton State Beach in Daly City is currently closed to the public. There is no beach access, but a viewing platform just west of the parking lot ove...",
        "groups": [
          "everyone"
        ],
        "phone": "",
        "link": "http://www.parks.ca.gov/?page_id=530",
        "linkText": "Visit Website"
      }
    },
    {
      "type": "Feature",
      "geometry": {
        "type": "Point",
        "coordinates": [
          -122.8968308982478,
          38.12230626618275
        ]
      },
      "properties": {
        "id": "ca-sp-tomales-bay-sp",
        "name": "Tomales Bay SP",
        "category": "recreation",
        "categoryColor": "#14B8A6",
        "area": "Marin County",
        "city": "Point Reyes Station",
        "address": "Pierce Point Rd, Point Reyes Station, CA, 94956",
        "description": "Tomales Bay State Park sits on the eastern edge of the Point Reyes Peninsula, with sheltered coves, swimming beaches such as Heart's Desire Beach, tid...",
        "groups": [
          "everyone"
        ],
        "phone": "",
        "link": "http://www.parks.ca.gov/?page_id=470",
        "linkText": "Visit Website"
      }
    },
    {
      "type": "Feature",
      "geometry": {
        "type": "Point",
        "coordinates": [
          -122.371761,
          37.815959
        ]
      },
      "properties": {
        "id": "imls-treasure-island-museum-association",
        "name": "Treasure Island Museum",
        "category": "recreation",
        "categoryColor": "#14B8A6",
        "area": "Bay Area",
        "city": "San Francisco",
        "address": "1 Avenue of the Palms, San Francisco, CA 94102",
        "description": "Free museum covering the 1939 Golden Gate International Exposition, Navy history, and island development. Open daily.",
        "groups": [
          "everyone"
        ],
        "phone": "(415) 413-8462",
        "link": "https://www.treasureislandmuseum.org/",
        "linkText": "Learn More"
      }
    },
    {
      "type": "Feature",
      "geometry": {
        "type": "Point",
        "coordinates": [
          -122.6334753277984,
          38.4519279820972
        ]
      },
      "properties": {
        "id": "ca-sp-trione-annadel-sp",
        "name": "Trione Annadel SP",
        "category": "recreation",
        "categoryColor": "#14B8A6",
        "area": "Sonoma County",
        "city": "Santa Rosa",
        "address": "6201 Channel Drive, Santa Rosa, CA, 95409",
        "description": "Trione-Annadel State Park on the eastern edge of Santa Rosa is a favorite for hikers, mountain bikers, and horseback riders, with miles of trails and ...",
        "groups": [
          "everyone"
        ],
        "phone": "",
        "link": "http://www.parks.ca.gov/?page_id=480",
        "linkText": "Visit Website"
      }
    },
    {
      "type": "Feature",
      "geometry": {
        "type": "Point",
        "coordinates": [
          -122.2110224,
          37.7711735
        ]
      },
      "properties": {
        "id": "imls-uc-berkeley-art-museum",
        "name": "UC Berkeley Art Museum (BAMPFA)",
        "category": "recreation",
        "categoryColor": "#14B8A6",
        "area": "Bay Area",
        "city": "Berkeley",
        "address": "2155 Center Street, Berkeley, CA 94702",
        "description": "Berkeley Art Museum and Pacific Film Archive with 25,000+ artworks and 18,000 films. Free for UC Berkeley students and first Thursdays.",
        "groups": [
          "everyone"
        ],
        "phone": "(510) 642-0808",
        "link": "https://bampfa.org/",
        "linkText": "Learn More"
      }
    },
    {
      "type": "Feature",
      "geometry": {
        "type": "Point",
        "coordinates": [
          -122.459562,
          37.79962
        ]
      },
      "properties": {
        "id": "walt-disney-family-museum",
        "name": "Walt Disney Family Museum",
        "category": "recreation",
        "categoryColor": "#14B8A6",
        "area": "San Francisco",
        "city": "San Francisco",
        "address": "104 Montgomery Street, Presidio of San Francisco, CA 94129",
        "description": "The Walt Disney Family Museum in San Francisco's Presidio tells the story of Walt Disney's life through interactive galleries featuring original artwo...",
        "groups": [
          "income-eligible",
          "college-students",
          "veterans",
          "families",
          "everyone"
        ],
        "phone": "415-345-6800",
        "link": "https://www.waltdisney.org/visit/admission",
        "linkText": "Plan Visit"
      }
    },
    {
      "type": "Feature",
      "geometry": {
        "type": "Point",
        "coordinates": [
          -122.9991667,
          38.7177778
        ]
      },
      "properties": {
        "id": "recgov-fac-warm-springs-rec-area",
        "name": "WARM SPRINGS REC AREA",
        "category": "recreation",
        "categoryColor": "#14B8A6",
        "area": "Sonoma County",
        "city": "",
        "address": "",
        "description": "Overview Warm Springs Recreation Area is a day-use park located at Lake Sonoma, which is just a 45 minute drive north of Santa Rosa and a 2 hour trip ...",
        "groups": [
          "everyone"
        ],
        "phone": "707-431-4533",
        "link": "https://www.recreation.gov/camping/campgrounds/233664",
        "linkText": "Make Reservation"
      }
    },
    {
      "type": "Feature",
      "geometry": {
        "type": "Point",
        "coordinates": [
          -123.0916,
          38.7596
        ]
      },
      "properties": {
        "id": "recgov-fac-yorty-creek-recreation-area-day-use",
        "name": "Yorty Creek Recreation Area Day Use",
        "category": "recreation",
        "categoryColor": "#14B8A6",
        "area": "Sonoma County",
        "city": "",
        "address": "",
        "description": "Yorty Creek Recreation Area Day Use is a activity pass available through Recreation.gov.",
        "groups": [
          "everyone"
        ],
        "phone": "",
        "link": "https://www.recreation.gov/camping/campgrounds/AP22417",
        "linkText": "Make Reservation"
      }
    },
    {
      "type": "Feature",
      "geometry": {
        "type": "Point",
        "coordinates": [
          -122.1141,
          37.3788
        ]
      },
      "properties": {
        "id": "acs-discovery-shop-los-altos",
        "name": "American Cancer Society: Discovery Shop (Los Altos)",
        "category": "retail",
        "categoryColor": "#D946EF",
        "area": "Santa Clara County",
        "city": "",
        "address": "243 Main St, Los Altos, CA 94022",
        "description": "The American Cancer Society Discovery Shop in Los Altos is a thrift store selling quality secondhand and vintage items, with proceeds supporting cance...",
        "groups": [
          "everyone"
        ],
        "phone": "(650) 949-0505",
        "link": "https://www.cancer.org/donate/discovery-shops-national/shops/los-altos.html",
        "linkText": "Visit Store"
      }
    },
    {
      "type": "Feature",
      "geometry": {
        "type": "Point",
        "coordinates": [
          -122.1817,
          37.4529
        ]
      },
      "properties": {
        "id": "acs-discovery-shop-menlo-park",
        "name": "American Cancer Society: Discovery Shop (Menlo Park)",
        "category": "retail",
        "categoryColor": "#D946EF",
        "area": "San Mateo County",
        "city": "",
        "address": "748 Santa Cruz Ave, Menlo Park, CA 94025",
        "description": "The American Cancer Society Discovery Shop in Menlo Park is a thrift store selling quality secondhand and vintage items, with proceeds supporting canc...",
        "groups": [
          "everyone"
        ],
        "phone": "(650) 325-8939",
        "link": "https://www.cancer.org/donate/discovery-shops-national/shops/menlo-park.html",
        "linkText": "Visit Store"
      }
    },
    {
      "type": "Feature",
      "geometry": {
        "type": "Point",
        "coordinates": [
          -122.435607,
          37.7607664
        ]
      },
      "properties": {
        "id": "glbt-historical-society",
        "name": "GLBT Historical Society Museum",
        "category": "retail",
        "categoryColor": "#D946EF",
        "area": "San Francisco",
        "city": "San Francisco",
        "address": "4127 18th St, San Francisco, CA 94114",
        "description": "The GLBT Historical Society Museum in the Castro preserves and exhibits LGBTQ+ history, culture, and arts, with free admission on the first Wednesday ...",
        "groups": [
          "lgbtq",
          "seniors",
          "income-eligible",
          "everyone"
        ],
        "phone": "(415) 777-5455",
        "link": "https://www.glbthistory.org/museum-about-visitor-info",
        "linkText": "Plan Visit"
      }
    },
    {
      "type": "Feature",
      "geometry": {
        "type": "Point",
        "coordinates": [
          -122.4194,
          37.7749
        ]
      },
      "properties": {
        "id": "la-casa-madres",
        "name": "La Casa de las Madres",
        "category": "safety",
        "categoryColor": "#6B7280",
        "area": "San Francisco",
        "city": "",
        "address": "",
        "description": "La Casa de las Madres provides support services for women, teens, and children affected by domestic violence in San Francisco, offering 24/7 adult and...",
        "groups": [
          "survivors",
          "families"
        ],
        "phone": "877-503-1850",
        "link": "https://www.lacasa.org/",
        "linkText": "Get Help"
      }
    },
    {
      "type": "Feature",
      "geometry": {
        "type": "Point",
        "coordinates": [
          -122.2618,
          37.8155
        ]
      },
      "properties": {
        "id": "family-justice-center-alameda",
        "name": "Alameda County Family Justice Center",
        "category": "safety",
        "categoryColor": "#6B7280",
        "area": "Alameda County",
        "city": "",
        "address": "470 27th Street, Oakland, CA 94612",
        "description": "The Alameda County Family Justice Center brings together multiple agencies under one roof to provide comprehensive services including legal help, coun...",
        "groups": [
          "survivors",
          "families"
        ],
        "phone": "510-267-8800",
        "link": "https://www.acfjc.org/",
        "linkText": "Get Help"
      }
    },
    {
      "type": "Feature",
      "geometry": {
        "type": "Point",
        "coordinates": [
          -122.2698,
          37.8067
        ]
      },
      "properties": {
        "id": "tech-exchange",
        "name": "Tech Exchange",
        "category": "technology",
        "categoryColor": "#0EA5E9",
        "area": "Bay Area",
        "city": "",
        "address": "1716 Telegraph Ave, Oakland, CA 94612",
        "description": "Tech Exchange is a Bay Area nonprofit that provides affordable refurbished computers to individuals, schools, nonprofits, and community organizations,...",
        "groups": [
          "nonprofits",
          "income-eligible"
        ],
        "phone": "510-866-2260",
        "link": "https://www.techexchange.org/lowcostcomputers",
        "linkText": "Get a Device"
      }
    },
    {
      "type": "Feature",
      "geometry": {
        "type": "Point",
        "coordinates": [
          -122.1789573,
          37.4531439
        ]
      },
      "properties": {
        "id": "menlo-park-library-hotspots",
        "name": "Menlo Park Library Wi-Fi Hotspots",
        "category": "technology",
        "categoryColor": "#0EA5E9",
        "area": "San Mateo County",
        "city": "",
        "address": "800 Alma Street, Menlo Park, CA 94025",
        "description": "The Menlo Park Library offers portable WiFi hotspot devices that library cardholders can borrow, providing free internet access at home or on the go.",
        "groups": [
          "everyone"
        ],
        "phone": "650-330-2501",
        "link": "https://www.menlopark.gov/Community/Community-resources/Digital-access-and-resources",
        "linkText": "Check Availability"
      }
    },
    {
      "type": "Feature",
      "geometry": {
        "type": "Point",
        "coordinates": [
          -122.2685498,
          37.8054359
        ]
      },
      "properties": {
        "id": "ac-transit-stpp",
        "name": "AC Transit",
        "category": "transportation",
        "categoryColor": "#F97316",
        "area": "Alameda County",
        "city": "",
        "address": "1600 Franklin Street, Oakland, CA 94612",
        "description": "AC Transit (Alameda-Contra Costa Transit District) is the third-largest public bus system in California, serving the East Bay including Oakland, Berke...",
        "groups": [
          "youth"
        ],
        "phone": "510-891-4777",
        "link": "https://www.alamedactc.org/programs-projects/studentpass",
        "linkText": "Apply"
      }
    },
    {
      "type": "Feature",
      "geometry": {
        "type": "Point",
        "coordinates": [
          -122.286036,
          37.831262
        ]
      },
      "properties": {
        "id": "emery-go-round",
        "name": "Emery Go-Round",
        "category": "transportation",
        "categoryColor": "#F97316",
        "area": "Alameda County",
        "city": "",
        "address": "1300 Park Avenue, Emeryville, CA 94608",
        "description": "Emery Go-Round is a free shuttle bus service operated by the Emeryville Transportation Management Association, connecting Emeryville destinations with...",
        "groups": [
          "everyone"
        ],
        "phone": "510-451-3862",
        "link": "https://emerygoround.com",
        "linkText": "Learn More"
      }
    },
    {
      "type": "Feature",
      "geometry": {
        "type": "Point",
        "coordinates": [
          -122.7197253,
          38.440655
        ]
      },
      "properties": {
        "id": "santa-rosa-citybus",
        "name": "Santa Rosa CityBus",
        "category": "transportation",
        "categoryColor": "#F97316",
        "area": "Sonoma County",
        "city": "",
        "address": "600 Morgan Street, Santa Rosa, CA 95401",
        "description": "Santa Rosa CityBus provides local public transit service throughout the City of Santa Rosa in Sonoma County, with multiple routes connecting neighborh...",
        "groups": [
          "youth",
          "college-students",
          "veterans",
          "everyone"
        ],
        "phone": "707-543-3333",
        "link": "https://srcitybus.org/fares-and-passes/discount-programs/",
        "linkText": "Learn More"
      }
    },
    {
      "type": "Feature",
      "geometry": {
        "type": "Point",
        "coordinates": [
          -122.284703,
          37.55622
        ]
      },
      "properties": {
        "id": "cid-borrow-battery",
        "name": "CID Borrow a Backup Battery",
        "category": "utilities",
        "categoryColor": "#84CC16",
        "area": "San Mateo County",
        "city": "",
        "address": "2001 Winward Way, Suite 103, San Mateo, CA 94404",
        "description": "The Center for Independence of Individuals with Disabilities (CID) provides portable backup batteries to individuals who depend on electricity for med...",
        "groups": [
          "disability"
        ],
        "phone": "650-645-1780",
        "link": "https://www.cidsanmateo.org/services/ddar-psps-prepardness.php",
        "linkText": "Learn More"
      }
    },
    {
      "type": "Feature",
      "geometry": {
        "type": "Point",
        "coordinates": [
          -122.27085,
          37.8012392
        ]
      },
      "properties": {
        "id": "ebmud-assistance",
        "name": "EBMUD Customer Assistance Program",
        "category": "utilities",
        "categoryColor": "#84CC16",
        "area": "Alameda County",
        "city": "",
        "address": "375 11th Street, Oakland, CA 94607",
        "description": "The East Bay Municipal Utility District (EBMUD) Customer Assistance Program (CAP) provides discounts on water and wastewater bills for income-eligible...",
        "groups": [
          "income-eligible"
        ],
        "phone": "866-403-2683",
        "link": "https://www.ebmud.com/customers/customer-assistance-program",
        "linkText": "Apply"
      }
    },
    {
      "type": "Feature",
      "geometry": {
        "type": "Point",
        "coordinates": [
          -122.391358,
          37.787678
        ]
      },
      "properties": {
        "id": "baaqmd-clean-cars-ev",
        "name": "Clean Cars for All - EV",
        "category": "utilities",
        "categoryColor": "#84CC16",
        "area": "Bay Area",
        "city": "",
        "address": "375 Beale Street, Suite 600, San Francisco, CA 94105",
        "description": "The Bay Area Air Quality Management District's Clean Cars for All program provides substantial incentives for income-qualified residents to replace ol...",
        "groups": [
          "income-eligible"
        ],
        "phone": "855-256-3656",
        "link": "https://www.baaqmd.gov/funding-and-incentives/residents/clean-cars-for-all",
        "linkText": "Apply"
      }
    },
    {
      "type": "Feature",
      "geometry": {
        "type": "Point",
        "coordinates": [
          -122.391358,
          37.787678
        ]
      },
      "properties": {
        "id": "baaqmd-clean-cars-fuel-cell",
        "name": "Clean Cars for All - Fuel Cell Vehicle",
        "category": "utilities",
        "categoryColor": "#84CC16",
        "area": "Bay Area",
        "city": "",
        "address": "375 Beale Street, Suite 600, San Francisco, CA 94105",
        "description": "The Clean Cars for All program also offers rebates for hydrogen fuel cell vehicles, providing another zero-emission option for Bay Area residents repl...",
        "groups": [
          "income-eligible"
        ],
        "phone": "855-256-3656",
        "link": "https://www.baaqmd.gov/funding-and-incentives/residents/clean-cars-for-all",
        "linkText": "Apply"
      }
    },
    {
      "type": "Feature",
      "geometry": {
        "type": "Point",
        "coordinates": [
          -122.391358,
          37.787678
        ]
      },
      "properties": {
        "id": "baaqmd-clean-cars-ebike-transit",
        "name": "Clean Cars for All - E-Bike & Transit Credit",
        "category": "utilities",
        "categoryColor": "#84CC16",
        "area": "Bay Area",
        "city": "",
        "address": "375 Beale Street, Suite 600, San Francisco, CA 94105",
        "description": "For those who don't need a car, Clean Cars for All offers a mobility option with a pre-paid card for public transit and e-bike purchases, providing su...",
        "groups": [
          "income-eligible"
        ],
        "phone": "855-256-3656",
        "link": "https://www.baaqmd.gov/funding-and-incentives/residents/clean-cars-for-all",
        "linkText": "Apply"
      }
    },
    {
      "type": "Feature",
      "geometry": {
        "type": "Point",
        "coordinates": [
          -122.391358,
          37.787678
        ]
      },
      "properties": {
        "id": "baaqmd-vehicle-buyback",
        "name": "Vehicle Buy Back Program",
        "category": "utilities",
        "categoryColor": "#84CC16",
        "area": "Bay Area",
        "city": "",
        "address": "375 Beale Street, Suite 600, San Francisco, CA 94105",
        "description": "BAAQMD's Vehicle Buy Back program pays $2,000 for older vehicles to be scrapped, reducing air pollution from high-emitting cars while providing owners...",
        "groups": [
          "everyone"
        ],
        "phone": "415-749-4994",
        "link": "https://www.baaqmd.gov/en/funding-and-incentives/residents/vehicle-buy-back-program",
        "linkText": "Apply"
      }
    },
    {
      "type": "Feature",
      "geometry": {
        "type": "Point",
        "coordinates": [
          -122.391358,
          37.787678
        ]
      },
      "properties": {
        "id": "baaqmd-wood-stove",
        "name": "Wood Stove Replacement Program",
        "category": "utilities",
        "categoryColor": "#84CC16",
        "area": "Bay Area",
        "city": "",
        "address": "375 Beale Street, Suite 600, San Francisco, CA 94105",
        "description": "BAAQMD's Clean HEET Program helps Bay Area homeowners replace wood-burning stoves, inserts, and fireplaces with clean electric heat pumps, improving a...",
        "groups": [
          "income-eligible",
          "everyone"
        ],
        "phone": "415-749-4900",
        "link": "https://www.baaqmd.gov/en/funding-and-incentives/residents/clean-heet-program",
        "linkText": "Sign Up for Notifications"
      }
    }
  ]
}